INSERT INTO Subject (sID, sName) VALUES
(1, 'Mathematics'),
(2, 'Physics'),
(3, 'Chemistry'),
(4, 'Biology'),
(5, 'Computer Science'),
(6, 'English Language'),
(7, 'Thai Language'),
(8, 'Social Studies'),
(9, 'History'),
(10, 'Art');

INSERT INTO Instructor (iID, iName, sID, expYear) VALUES
(1, 'Prof. Alex Johnson', 1, 5),
(2, 'Dr. Emily Carter', 2, 8),
(3, 'Mr. Ben Davis', 3, 3),
(4, 'Ms. Sophia Lee', 4, 7),
(5, 'Dr. Michael Chen', 5, 12),
(6, 'Prof. Olivia White', 6, 6),
(7, 'Mr. Jacob Hall', 7, 4),
(8, 'Ms. Ava Miller', 8, 9),
(9, 'Dr. Liam Wilson', 9, 10),
(10, 'Prof. Chloe King', 10, 15),
(11, 'Mr. Ethan Brown', 1, 5),
(12, 'Ms. Mia Taylor', 2, 8),
(13, 'Dr. Noah Harris', 3, 3),
(14, 'Prof. Isabella Clark', 4, 7),
(15, 'Mr. Lucas Scott', 5, 12),
(16, 'Ms. Zoe Adams', 6, 6),
(17, 'Dr. Daniel Green', 7, 4),
(18, 'Prof. Grace Baker', 8, 9),
(19, 'Mr. Henry Reed', 9, 10),
(20, 'Ms. Ella Foster', 10, 15),
(21, 'Prof. Andrew Perez', 1, 5),
(22, 'Dr. Hannah Hill', 2, 8),
(23, 'Mr. Sam Nelson', 3, 3),
(24, 'Ms. Victoria Gray', 4, 7),
(25, 'Dr. Ryan Cooper', 5, 12),
(26, 'Prof. Lily Evans', 6, 6),
(27, 'Mr. Matthew Ward', 7, 4),
(28, 'Ms. Scarlett Brooks', 8, 9),
(29, 'Dr. Leo Murphy', 9, 10),
(30, 'Prof. Luna Collins', 10, 15),
(31, 'Mr. Caleb Ross', 1, 5),
(32, 'Ms. Nora Cook', 2, 8),
(33, 'Dr. Isaac Morgan', 3, 3),
(34, 'Prof. Stella Perry', 4, 7),
(35, 'Mr. Jason Bell', 5, 12),
(36, 'Ms. Maya Rivera', 6, 6),
(37, 'Dr. Owen Bailey', 7, 4),
(38, 'Prof. Evelyn Wood', 8, 9),
(39, 'Mr. Jack Kelly', 9, 10),
(40, 'Ms. Harper Stone', 10, 15),
(41, 'Prof. Grayson King', 1, 5),
(42, 'Dr. Violet Powell', 2, 8),
(43, 'Mr. Carter Long', 3, 3),
(44, 'Ms. Aurora West', 4, 7),
(45, 'Dr. Aaron Kim', 5, 12),
(46, 'Prof. Ruby Gonzales', 6, 6),
(47, 'Mr. Adam Flores', 7, 4),
(48, 'Ms. Claire Fisher', 8, 9),
(49, 'Dr. Julian Hunt', 9, 10),
(50, 'Prof. Sarah Dixon', 10, 15),
(51, 'Mr. Max Foster', 1, 5),
(52, 'Ms. Penelope Fox', 2, 8),
(53, 'Dr. Finn Gomez', 3, 3),
(54, 'Prof. Hazel Young', 4, 7),
(55, 'Mr. Miles Hughes', 5, 12),
(56, 'Ms. Lucy Peterson', 6, 6),
(57, 'Dr. Henry Wright', 7, 4),
(58, 'Prof. Chloe Martinez', 8, 9),
(59, 'Mr. George Allen', 9, 10),
(60, 'Ms. Alice Scott', 10, 15),
(61, 'Prof. David Baker', 1, 5),
(62, 'Dr. Julia Adams', 2, 8),
(63, 'Mr. Edward Hill', 3, 3),
(64, 'Ms. Emma Nelson', 4, 7),
(65, 'Dr. Frank Hall', 5, 12),
(66, 'Prof. Ginger Lee', 6, 6),
(67, 'Mr. Ian White', 7, 4),
(68, 'Ms. Janet Clark', 8, 9),
(69, 'Dr. Kevin Wilson', 9, 10),
(70, 'Prof. Laura Smith', 10, 15),
(71, 'Mr. Mark Taylor', 1, 5),
(72, 'Ms. Nancy Brown', 2, 8),
(73, 'Dr. Oscar Harris', 3, 3),
(74, 'Prof. Pamela King', 4, 7),
(75, 'Mr. Quinn Davis', 5, 12),
(76, 'Ms. Rachel Foster', 6, 6),
(77, 'Dr. Steven Allen', 7, 4),
(78, 'Prof. Tina Reed', 8, 9),
(79, 'Mr. Victor Green', 9, 10),
(80, 'Ms. Wendy Perry', 10, 15),
(81, 'Prof. Xavier Ross', 1, 5),
(82, 'Dr. Yvonne Bell', 2, 8),
(83, 'Mr. Alan Morgan', 3, 3),
(84, 'Ms. Betty Cook', 4, 7),
(85, 'Dr. Carl Brooks', 5, 12),
(86, 'Prof. Diana Stone', 6, 6),
(87, 'Mr. Eric Wood', 7, 4),
(88, 'Ms. Faye Bailey', 8, 9),
(89, 'Dr. Greg Hunt', 9, 10),
(90, 'Prof. Helen Dixon', 10, 15),
(91, 'Mr. Jesse Kim', 1, 5),
(92, 'Ms. Kelly Rivera', 2, 8),
(93, 'Dr. Louis Long', 3, 3),
(94, 'Prof. Megan West', 4, 7),
(95, 'Mr. Nathan Young', 5, 12),
(96, 'Ms. Patsy Hughes', 6, 6),
(97, 'Dr. Roger Peterson', 7, 4),
(98, 'Prof. Sherry Wright', 8, 9),
(99, 'Mr. Todd Allen', 9, 10),
(100, 'Ms. Uma Scott', 10, 15),
(101, 'Prof. Vance Adams', 1, 5),
(102, 'Dr. Will Cooper', 2, 8),
(103, 'Mr. Zane Evans', 3, 3),
(104, 'Ms. Amy Ward', 4, 7),
(105, 'Dr. Brad Murphy', 5, 12),
(106, 'Prof. Cindy Collins', 6, 6),
(107, 'Mr. Drew Ross', 7, 4),
(108, 'Ms. Elsie Cook', 8, 9),
(109, 'Dr. Felix Morgan', 9, 10),
(110, 'Prof. Gail Perry', 10, 15),
(111, 'Mr. Hank Bell', 1, 5),
(112, 'Ms. Iris Rivera', 2, 8),
(113, 'Dr. Joel Bailey', 3, 3),
(114, 'Prof. Kara Wood', 4, 7),
(115, 'Mr. Leon Kelly', 5, 12),
(116, 'Ms. Misty Stone', 6, 6),
(117, 'Dr. Noel King', 7, 4),
(118, 'Prof. Penny Powell', 8, 9),
(119, 'Mr. Rex Carter', 9, 10),
(120, 'Ms. Sue West', 10, 15),
(121, 'Prof. Tony Kim', 1, 5),
(122, 'Dr. Vera Gonzales', 2, 8),
(123, 'Mr. Walt Flores', 3, 3),
(124, 'Ms. Zara Fisher', 4, 7),
(125, 'Dr. Chuck Hunt', 5, 12),
(126, 'Prof. Dora Dixon', 6, 6),
(127, 'Mr. Gene Foster', 7, 4),
(128, 'Ms. Hope Fox', 8, 9),
(129, 'Dr. Ivan Gomez', 9, 10),
(130, 'Prof. Jane Young', 10, 15),
(131, 'Mr. Kyle Hughes', 1, 5),
(132, 'Ms. Lana Peterson', 2, 8),
(133, 'Dr. Mitch Wright', 3, 3),
(134, 'Prof. Nola Martinez', 4, 7),
(135, 'Mr. Ollie Allen', 5, 12),
(136, 'Ms. Paula Scott', 6, 6),
(137, 'Dr. Rico Baker', 7, 4),
(138, 'Prof. Sage Adams', 8, 9),
(139, 'Mr. Toby Hill', 9, 10),
(140, 'Ms. Ulla Nelson', 10, 15),
(141, 'Prof. Vern Hall', 1, 5),
(142, 'Dr. Wren Clark', 2, 8),
(143, 'Mr. Yael Wilson', 3, 3),
(144, 'Ms. Cami Smith', 4, 7),
(145, 'Dr. Dean Taylor', 5, 12),
(146, 'Prof. Elise Brown', 6, 6),
(147, 'Mr. Fred Harris', 7, 4),
(148, 'Ms. Gail King', 8, 9),
(149, 'Dr. Hugh Davis', 9, 10),
(150, 'Prof. Inga Foster', 10, 15),
(151, 'Mr. Jake Allen', 1, 5),
(152, 'Ms. Kyla Reed', 2, 8),
(153, 'Dr. Leo Green', 3, 3),
(154, 'Prof. Mona Perry', 4, 7),
(155, 'Mr. Nate Ross', 5, 12),
(156, 'Ms. Opal Bell', 6, 6),
(157, 'Dr. Pete Morgan', 7, 4),
(158, 'Prof. Quen Cook', 8, 9),
(159, 'Mr. Ray Brooks', 9, 10),
(160, 'Ms. Siri Stone', 10, 15),
(161, 'Prof. Ted Wood', 1, 5),
(162, 'Dr. Una Bailey', 2, 8),
(163, 'Mr. Val Hunt', 3, 3),
(164, 'Ms. Wilma Dixon', 4, 7),
(165, 'Dr. Yuri Kim', 5, 12),
(166, 'Prof. Abby Rivera', 6, 6),
(167, 'Mr. Ben Long', 7, 4),
(168, 'Ms. Cara West', 8, 9),
(169, 'Dr. Dale Young', 9, 10),
(170, 'Prof. Eli Hughes', 10, 15),
(171, 'Mr. Fen Peterson', 1, 5),
(172, 'Ms. Gwen Wright', 2, 8),
(173, 'Dr. Hal Martinez', 3, 3),
(174, 'Prof. Ivy Allen', 4, 7),
(175, 'Mr. Jim Scott', 5, 12),
(176, 'Ms. Kim Adams', 6, 6),
(177, 'Dr. Lou Cooper', 7, 4),
(178, 'Prof. Pam Evans', 8, 9),
(179, 'Mr. Rob Ward', 9, 10),
(180, 'Ms. Shay Brooks', 10, 15),
(181, 'Prof. Tom Murphy', 1, 5),
(182, 'Dr. Vick Collins', 2, 8),
(183, 'Mr. Wes Ross', 3, 3),
(184, 'Ms. Xia Cook', 4, 7),
(185, 'Dr. Zac Morgan', 5, 12),
(186, 'Prof. Ali Perry', 6, 6),
(187, 'Mr. Boe Bell', 7, 4),
(188, 'Ms. Dee Rivera', 8, 9),
(189, 'Dr. Ed Bailey', 9, 10),
(190, 'Prof. Flo Wood', 10, 15),
(191, 'Mr. Gio Kelly', 1, 5),
(192, 'Ms. Hyn Stone', 2, 8),
(193, 'Dr. Ian King', 3, 3),
(194, 'Prof. Jay Powell', 4, 7),
(195, 'Mr. Ken Carter', 5, 12),
(196, 'Ms. Liv West', 6, 6),
(197, 'Dr. Moe Kim', 7, 4),
(198, 'Prof. Nan Gonzales', 8, 9),
(199, 'Mr. Oli Flores', 9, 10),
(200, 'Ms. Pip Fisher', 10, 15);

INSERT INTO TutoringCenter (tID, tName, address) VALUES
(1, 'Elite Tutors Center', '101 Main St, Bangkok'),
(2, 'Knowledge Hub', '202 Rama IV Rd, Chiang Mai'),
(3, 'Success Academy', '303 Phahonyothin, Phuket'),
(4, 'Bright Future Institute', '404 Sukhumvit Rd, Nonthaburi'),
(5, 'Apex Learning Center', '505 Phetkasem Rd, Rayong'),
(6, 'The Study Spot', '606 Ladprao, Khon Kaen'),
(7, 'Master Minds', '707 Rattanathibet, Hat Yai'),
(8, 'Genius Center', '808 Chaengwattana, Udon Thani'),
(9, 'Prime Prep', '909 Silom Rd, Nakhon Ratchasima'),
(10, 'Alpha Education', '1010 Asok, Pattaya'),
(11, 'Brilliant Minds', '111 Vibhavadi Rangsit, Bangkok'),
(12, 'Achieve Plus', '121 Petchaburi Rd, Chiang Mai'),
(13, 'Quantum Leap', '131 Samut Prakan Rd, Phuket'),
(14, 'Future Leaders', '141 Thonglor, Nonthaburi'),
(15, 'Academic Edge', '151 Ekkamai, Rayong'),
(16, 'Star Learners', '161 Sathorn, Khon Kaen'),
(17, 'The Think Tank', '171 Rama III Rd, Hat Yai'),
(18, 'Global Prep', '181 Praram 9, Udon Thani'),
(19, 'Innovate Study', '191 Ratchada, Nakhon Ratchasima'),
(20, 'Progress Path', '201 Srinakarin, Pattaya'),
(21, 'Smart Start', '211 Bangna, Bangkok'),
(22, 'Focus Forward', '221 Ramkhamhaeng, Chiang Mai'),
(23, 'Excel Education', '231 Yaowarat, Phuket'),
(24, 'High Potential', '241 Victory Monument, Nonthaburi'),
(25, 'Elevate Learning', '251 Don Mueang, Rayong'),
(26, 'Cornerstone Tutors', '261 Rangsit, Khon Kaen'),
(27, 'The Key Prep', '271 Pinklao, Hat Yai'),
(28, 'Limitless Tutoring', '281 Ngamwongwan, Udon Thani'),
(29, 'Catalyst Center', '291 Suvarnabhumi, Nakhon Ratchasima'),
(30, 'Momentum Study', '301 Bangkapi, Pattaya'),
(31, 'Synergy Learning', '311 Minburi, Bangkok'),
(32, 'Prodigy Prep', '321 Laksi, Chiang Mai'),
(33, 'Peak Performance', '331 On Nut, Phuket'),
(34, 'True Knowledge', '341 Bearing, Nonthaburi'),
(35, 'Skill Builders', '351 Samrong, Rayong'),
(36, 'The Learning Tree', '361 Saphankwai, Khon Kaen'),
(37, 'Next Level Academics', '371 Mochit, Hat Yai'),
(38, 'Mind Gym', '381 Sala Daeng, Udon Thani'),
(39, 'Future Prep', '391 Bang Khae, Nakhon Ratchasima'),
(40, 'Gateway Education', '401 Talat Phlu, Pattaya'),
(41, 'Rising Stars', '411 Wongwian Yai, Bangkok'),
(42, 'The Scholars Den', '421 Taksin Rd, Chiang Mai'),
(43, 'Inspire Tutoring', '431 Krung Thonburi, Phuket'),
(44, 'Concept Clear', '441 National Stadium, Nonthaburi'),
(45, 'A+ Study Center', '451 Siam Square, Rayong'),
(46, 'Path to Success', '461 Chit Lom, Khon Kaen'),
(47, 'Core Learning', '471 Phloen Chit, Hat Yai'),
(48, 'The Knowledge Stream', '481 Nana, Udon Thani'),
(49, 'Driven Study', '491 Asoke, Nakhon Ratchasima'),
(50, 'Academic Heights', '501 Phrom Phong, Pattaya'),
(51, 'The Tutor Place', '511 Thong Lo, Bangkok'),
(52, 'Maximized Learning', '521 Ekkamai, Chiang Mai'),
(53, 'Head Start Prep', '531 On Nut, Phuket'),
(54, 'Powerhouse Education', '541 Bangna, Nonthaburi'),
(55, 'Goal Achievers', '551 Ramkhamhaeng, Rayong'),
(56, 'Simply Smart', '561 Lat Phrao, Khon Kaen'),
(57, 'Sharp Minds', '571 Chatuchak, Hat Yai'),
(58, 'World Class Tutoring', '581 Din Daeng, Udon Thani'),
(59, 'The Learning Curve', '591 Huai Khwang, Nakhon Ratchasima'),
(60, 'Edison Center', '601 Sutthisan, Pattaya'),
(61, 'Cognito Education', '611 Ratchayothin, Bangkok'),
(62, 'Mind over Matter', '621 Saphan Khwai, Chiang Mai'),
(63, 'The Mastery Lab', '631 Ari, Phuket'),
(64, 'Future Path', '641 Sanam Pao, Nonthaburi'),
(65, 'Elite Prep School', '651 Victory Monument, Rayong'),
(66, 'The Prep Zone', '661 Ratchathewi, Khon Kaen'),
(67, 'Academic Support', '671 Phaya Thai, Hat Yai'),
(68, 'Study Strong', '681 Samsen, Udon Thani'),
(69, 'The Brain Train', '691 Bang Sue, Nakhon Ratchasima'),
(70, 'Success Stream', '701 Tao Poon, Pattaya'),
(71, 'Top Tier Tutoring', '711 Bang Pho, Bangkok'),
(72, 'Focus on Results', '721 Wong Sawang, Chiang Mai'),
(73, 'Brighter Days', '731 Laksi, Phuket'),
(74, 'The Knowledge Tree', '741 Don Mueang, Nonthaburi'),
(75, 'Adept Academics', '751 Prawet, Rayong'),
(76, 'Learn and Grow', '761 Nong Chok, Khon Kaen'),
(77, 'Guided Learning', '771 Lat Krabang, Hat Yai'),
(78, 'Power Learning', '781 Taling Chan, Udon Thani'),
(79, 'The Learning Point', '791 Phasi Charoen, Nakhon Ratchasima'),
(80, 'Level Up Tutoring', '801 Bang Khae, Pattaya'),
(81, 'Mastery Institute', '811 Thonburi, Bangkok'),
(82, 'The Academic Edge', '821 Rat Burana, Chiang Mai'),
(83, 'Study Smart', '831 Bang Khun Thian, Phuket'),
(84, 'Clarity Center', '841 Bang Bon, Nonthaburi'),
(85, 'Prep Kings', '851 Chom Thong, Rayong'),
(86, 'Knowledge Quest', '861 Thung Khru, Khon Kaen'),
(87, 'The Skill Center', '871 Suksawat, Hat Yai'),
(88, 'Driven to Learn', '881 Phutthamonthon, Udon Thani'),
(89, 'Excel Now', '891 Salaya, Nakhon Ratchasima'),
(90, 'Bright Start Center', '901 Rama II Rd, Pattaya'),
(91, 'Global Educators', '911 Phatthanakan, Bangkok'),
(92, 'The Tutor Factory', '921 Rama III Rd, Chiang Mai'),
(93, 'Academic Excellence', '931 Bang Rak, Phuket'),
(94, 'Mindset Mastery', '941 Sam Yan, Nonthaburi'),
(95, 'The Study Zone', '951 Hua Lamphong, Rayong'),
(96, 'Success Pathfinders', '961 Phahon Yothin, Khon Kaen'),
(97, 'Prime Learners', '971 Sanam Pao, Hat Yai'),
(98, 'The Genius Lab', '981 Ari, Udon Thani'),
(99, 'Future Ready Prep', '991 Ratchayothin, Nakhon Ratchasima'),
(100, 'Top Marks Center', '1001 Ladprao, Pattaya'),
(101, 'Elite Circle', '1011 Sukhumvit, Bangkok'),
(102, 'Knowledge Bridge', '1021 Rama IX Rd, Chiang Mai'),
(103, 'Success Point', '1031 Ramkhamhaeng, Phuket'),
(104, 'Bright Horizon', '1041 Phloen Chit, Nonthaburi'),
(105, 'Apex Prep', '1051 Nana, Rayong'),
(106, 'The Study Well', '1061 Asoke, Khon Kaen'),
(107, 'Master Plan', '1071 Thong Lor, Hat Yai'),
(108, 'Genius Growth', '1081 Ekkamai, Udon Thani'),
(109, 'Prime Focus', '1091 On Nut, Nakhon Ratchasima'),
(110, 'Alpha Prep', '1101 Bangna, Pattaya'),
(111, 'Brilliant Steps', '1111 Ramkhamhaeng, Bangkok'),
(112, 'Achieve Higher', '1121 Yaowarat, Chiang Mai'),
(113, 'Quantum Success', '1131 Victory Monument, Phuket'),
(114, 'Future Growth', '1141 Don Mueang, Nonthaburi'),
(115, 'Academic Focus', '1151 Rangsit, Rayong'),
(116, 'Star Quality', '1161 Pinklao, Khon Kaen'),
(117, 'The Think Ahead', '1171 Ngamwongwan, Hat Yai'),
(118, 'Global Standard', '1181 Suvarnabhumi, Udon Thani'),
(119, 'Innovate Future', '1191 Bangkapi, Nakhon Ratchasima'),
(120, 'Progress Makers', '1201 Minburi, Pattaya'),
(121, 'Smart Solutions', '1211 Laksi, Bangkok'),
(122, 'Focus on Excellence', '1221 On Nut, Chiang Mai'),
(123, 'Excel Forward', '1231 Bearing, Phuket'),
(124, 'High Results', '1241 Samrong, Nonthaburi'),
(125, 'Elevate Success', '1251 Saphankwai, Rayong'),
(126, 'Cornerstone Learning', '1261 Mochit, Khon Kaen'),
(127, 'The Key to Success', '1271 Sala Daeng, Hat Yai'),
(128, 'Limitless Potential', '1281 Bang Khae, Udon Thani'),
(129, 'Catalyst of Change', '1291 Talat Phlu, Nakhon Ratchasima'),
(130, 'Momentum Builders', '1301 Wongwian Yai, Pattaya'),
(131, 'Synergy Success', '1311 Taksin Rd, Bangkok'),
(132, 'Prodigy Scholars', '1321 Krung Thonburi, Chiang Mai'),
(133, 'Peak Learning', '1331 National Stadium, Phuket'),
(134, 'True Potential', '1341 Siam Square, Nonthaburi'),
(135, 'Skill Master', '1351 Chit Lom, Rayong'),
(136, 'The Learning Bridge', '1361 Phloen Chit, Khon Kaen'),
(137, 'Next Step Academics', '1371 Nana, Hat Yai'),
(138, 'Mind Power Center', '1381 Asoke, Udon Thani'),
(139, 'Future Scholars', '1391 Phrom Phong, Nakhon Ratchasima'),
(140, 'Gateway to Knowledge', '1401 Thong Lo, Pattaya'),
(141, 'Rising Potential', '1411 Ekkamai, Bangkok'),
(142, 'The Scholar House', '1421 On Nut, Chiang Mai'),
(143, 'Inspire Excellence', '1431 Bangna, Phuket'),
(144, 'Concept Builders', '1441 Ramkhamhaeng, Nonthaburi'),
(145, 'A+ Tutors', '1451 Lat Phrao, Rayong'),
(146, 'Path to Mastery', '1461 Chatuchak, Khon Kaen'),
(147, 'Core Success', '1471 Din Daeng, Hat Yai'),
(148, 'The Knowledge Streamline', '1481 Huai Khwang, Udon Thani'),
(149, 'Driven for Success', '1491 Sutthisan, Nakhon Ratchasima'),
(150, 'Academic Pathways', '1501 Ratchayothin, Pattaya'),
(151, 'The Tutor Express', '1511 Saphan Khwai, Bangkok'),
(152, 'Maximized Results', '1521 Ari, Chiang Mai'),
(153, 'Head Start Success', '1531 Sanam Pao, Phuket'),
(154, 'Powerhouse Tutors', '1541 Victory Monument, Nonthaburi'),
(155, 'Goal Oriented Learning', '1551 Ratchathewi, Rayong'),
(156, 'Simply Achieve', '1561 Phaya Thai, Khon Kaen'),
(157, 'Sharp Focus', '1571 Samsen, Hat Yai'),
(158, 'World Class Education', '1581 Bang Sue, Udon Thani'),
(159, 'The Learning Source', '1591 Tao Poon, Nakhon Ratchasima'),
(160, 'Edison Prep', '1601 Bang Pho, Pattaya'),
(161, 'Cognito Masters', '1611 Wong Sawang, Bangkok'),
(162, 'Mind over Skills', '1621 Laksi, Chiang Mai'),
(163, 'The Mastery Academy', '1631 Don Mueang, Phuket'),
(164, 'Future Success Hub', '1641 Prawet, Nonthaburi'),
(165, 'Elite Learning', '1651 Nong Chok, Rayong'),
(166, 'The Prep Institute', '1661 Lat Krabang, Khon Kaen'),
(167, 'Academic Support Hub', '1671 Taling Chan, Hat Yai'),
(168, 'Study Smart Center', '1681 Phasi Charoen, Udon Thani'),
(169, 'The Brain Works', '1691 Bang Khae, Nakhon Ratchasima'),
(170, 'Success Flow', '1701 Thonburi, Pattaya'),
(171, 'Top Tier Results', '1711 Rat Burana, Bangkok'),
(172, 'Focus on Quality', '1721 Bang Khun Thian, Chiang Mai'),
(173, 'Brighter Future', '1731 Bang Bon, Phuket'),
(174, 'The Knowledge Base', '1741 Chom Thong, Nonthaburi'),
(175, 'Adept Learners', '1751 Thung Khru, Rayong'),
(176, 'Learn and Master', '1761 Suksawat, Khon Kaen'),
(177, 'Guided Success', '1771 Phutthamonthon, Hat Yai'),
(178, 'Power Success', '1781 Salaya, Udon Thani'),
(179, 'The Learning Edge', '1791 Rama II Rd, Nakhon Ratchasima'),
(180, 'Level Up Academy', '1801 Phatthanakan, Pattaya'),
(181, 'Mastery Hub', '1811 Rama III Rd, Bangkok'),
(182, 'The Academic Portal', '1821 Bang Rak, Chiang Mai'),
(183, 'Study Excellence', '1831 Sam Yan, Phuket'),
(184, 'Clarity Tutors', '1841 Hua Lamphong, Nonthaburi'),
(185, 'Prep Gurus', '1851 Phahon Yothin, Rayong'),
(186, 'Knowledge Max', '1861 Sanam Pao, Khon Kaen'),
(187, 'The Skill Master', '1871 Ari, Hat Yai'),
(188, 'Driven Achievers', '1881 Ratchayothin, Udon Thani'),
(189, 'Excel Minds', '1891 Ladprao, Nakhon Ratchasima'),
(190, 'Bright Stars Academy', '1901 Sukhumvit, Pattaya'),
(191, 'Global Learning Center', '1911 Rama IX Rd, Bangkok'),
(192, 'The Tutor Pro', '1921 Ramkhamhaeng, Chiang Mai'),
(193, 'Academic Heights', '1931 Phloen Chit, Phuket'),
(194, 'Mindset Achievers', '1941 Nana, Nonthaburi'),
(195, 'The Study Gateway', '1951 Asoke, Rayong'),
(196, 'Success Path Academy', '1961 Thong Lor, Khon Kaen'),
(197, 'Prime Education', '1971 Ekkamai, Hat Yai'),
(198, 'The Genius Place', '1981 On Nut, Udon Thani'),
(199, 'Future Innovators', '1991 Bangna, Nakhon Ratchasima'),
(200, 'Top Results Tutoring', '2001 Ramkhamhaeng, Pattaya');

INSERT INTO CenterManager (tID, iID) VALUES
(1, 1),
(2, 2),
(3, 3),
(4, 4),
(5, 5),
(6, 6),
(7, 7),
(8, 8),
(9, 9),
(10, 10),
(11, 11),
(12, 12),
(13, 13),
(14, 14),
(15, 15),
(16, 16),
(17, 17),
(18, 18),
(19, 19),
(20, 20),
(21, 21),
(22, 22),
(23, 23),
(24, 24),
(25, 25),
(26, 26),
(27, 27),
(28, 28),
(29, 29),
(30, 30),
(31, 31),
(32, 32),
(33, 33),
(34, 34),
(35, 35),
(36, 36),
(37, 37),
(38, 38),
(39, 39),
(40, 40),
(41, 41),
(42, 42),
(43, 43),
(44, 44),
(45, 45),
(46, 46),
(47, 47),
(48, 48),
(49, 49),
(50, 50),
(51, 51),
(52, 52),
(53, 53),
(54, 54),
(55, 55),
(56, 56),
(57, 57),
(58, 58),
(59, 59),
(60, 60),
(61, 61),
(62, 62),
(63, 63),
(64, 64),
(65, 65),
(66, 66),
(67, 67),
(68, 68),
(69, 69),
(70, 70),
(71, 71),
(72, 72),
(73, 73),
(74, 74),
(75, 75),
(76, 76),
(77, 77),
(78, 78),
(79, 79),
(80, 80),
(81, 81),
(82, 82),
(83, 83),
(84, 84),
(85, 85),
(86, 86),
(87, 87),
(88, 88),
(89, 89),
(90, 90),
(91, 91),
(92, 92),
(93, 93),
(94, 94),
(95, 95),
(96, 96),
(97, 97),
(98, 98),
(99, 99),
(100, 100),
(101, 101),
(102, 102),
(103, 103),
(104, 104),
(105, 105),
(106, 106),
(107, 107),
(108, 108),
(109, 109),
(110, 110),
(111, 111),
(112, 112),
(113, 113),
(114, 114),
(115, 115),
(116, 116),
(117, 117),
(118, 118),
(119, 119),
(120, 120),
(121, 121),
(122, 122),
(123, 123),
(124, 124),
(125, 125),
(126, 126),
(127, 127),
(128, 128),
(129, 129),
(130, 130),
(131, 131),
(132, 132),
(133, 133),
(134, 134),
(135, 135),
(136, 136),
(137, 137),
(138, 138),
(139, 139),
(140, 140),
(141, 141),
(142, 142),
(143, 143),
(144, 144),
(145, 145),
(146, 146),
(147, 147),
(148, 148),
(149, 149),
(150, 150),
(151, 151),
(152, 152),
(153, 153),
(154, 154),
(155, 155),
(156, 156),
(157, 157),
(158, 158),
(159, 159),
(160, 160),
(161, 161),
(162, 162),
(163, 163),
(164, 164),
(165, 165),
(166, 166),
(167, 167),
(168, 168),
(169, 169),
(170, 170),
(171, 171),
(172, 172),
(173, 173),
(174, 174),
(175, 175),
(176, 176),
(177, 177),
(178, 178),
(179, 179),
(180, 180),
(181, 181),
(182, 182),
(183, 183),
(184, 184),
(185, 185),
(186, 186),
(187, 187),
(188, 188),
(189, 189),
(190, 190),
(191, 191),
(192, 192),
(193, 193),
(194, 194),
(195, 195),
(196, 196),
(197, 197),
(198, 198),
(199, 199),
(200, 200);

INSERT INTO Student (sID, sName) VALUES
(1, 'Ariya Srichai'),
(2, 'Boonchai Kamol'),
(3, 'Chanya Intara'),
(4, 'Danai Viriya'),
(5, 'Ekapong Lim'),
(6, 'Fah Sai'),
(7, 'Ganya Rattana'),
(8, 'Harin Thep'),
(9, 'Irina Panya'),
(10, 'Jirayu Phon'),
(11, 'Kanda Suksiri'),
(12, 'Lekha Chot'),
(13, 'Manee Daeng'),
(14, 'Niran Wong'),
(15, 'Oranit Som'),
(16, 'Pakorn Chai'),
(17, 'Qwan Rueang'),
(18, 'Ratri Jan'),
(19, 'Sompong Poom'),
(20, 'Tida Thong'),
(21, 'Udom Suk'),
(22, 'Viyada Chan'),
(23, 'Wiroj Den'),
(24, 'Xuan Mai'),
(25, 'Yada Mek'),
(26, 'Zaza Fa'),
(27, 'Akkara Dech'),
(28, 'Bussaba On'),
(29, 'Chaiyo Sut'),
(30, 'Duang Porn'),
(31, 'Ekachai Wirat'),
(32, 'Fong Kham'),
(33, 'Ganda Lek'),
(34, 'Hansa Preeya'),
(35, 'Inthira Man'),
(36, 'Jarin Wat'),
(37, 'Kamon Pan'),
(38, 'Lalita Rak'),
(39, 'Maitree Chit'),
(40, 'Narin Ton'),
(41, 'Orasa Noom'),
(42, 'Pairoj Nit'),
(43, 'Rachanee Mon'),
(44, 'Sila Phet'),
(45, 'Thana Bot'),
(46, 'Usa Kaew'),
(47, 'Vichai Sing'),
(48, 'Wanna Dee'),
(49, 'Yuttana Chok'),
(50, 'Zarinda Hom'),
(51, 'Anan Raksa'),
(52, 'Baan Yen'),
(53, 'Chalee Sutth'),
(54, 'Darika Thip'),
(55, 'Ekkasit Chai'),
(56, 'Fai Mon'),
(57, 'Gamon Tip'),
(58, 'Hansa Mon'),
(59, 'Itthipol Rak'),
(60, 'Janya Sri'),
(61, 'Kriengsak Den'),
(62, 'Lom Chom'),
(63, 'Mala Duen'),
(64, 'Nop Pa'),
(65, 'Orawan Suk'),
(66, 'Panya Rat'),
(67, 'Rong Raem'),
(68, 'Samran Dee'),
(69, 'Tanin Nam'),
(70, 'Urai Wan'),
(71, 'Vichitra Mai'),
(72, 'Wutthichai Som'),
(73, 'Ying Yong'),
(74, 'Zan Chon'),
(75, 'Amnart Pin'),
(76, 'Bancha Sut'),
(77, 'Chutima Phun'),
(78, 'Damrong Pol'),
(79, 'Emorn Kuan'),
(80, 'Fuang Fah'),
(81, 'Gaysorn Bua'),
(82, 'Hatai Wut'),
(83, 'Inson Sai'),
(84, 'Jinda Sri'),
(85, 'Kitti Chai'),
(86, 'Ladda Wan'),
(87, 'Manop Rak'),
(88, 'Nonglak Noi'),
(89, 'Opas Boon'),
(90, 'Patchara Mon'),
(91, 'Ratchanee Duen'),
(92, 'Sakon Thong'),
(93, 'Thawin Nam'),
(94, 'Uthai Pa'),
(95, 'Vasin Chot'),
(96, 'Wiphada Mon'),
(97, 'Yutthana Chok'),
(98, 'Zulfa Fah'),
(99, 'Adul Yai'),
(100, 'Banthita Lek'),
(101, 'Chatchai Man'),
(102, 'Duangjai Dee'),
(103, 'Ekkaphon Kin'),
(104, 'Fahkram Lom'),
(105, 'Ganyarat Pao'),
(106, 'Hatairat Khun'),
(107, 'Inthira Noom'),
(108, 'Jaruwan Som'),
(109, 'Kosit Chan'),
(110, 'Luechai Chot'),
(111, 'Manas Sa'),
(112, 'Narumon Rak'),
(113, 'Onuma Yen'),
(114, 'Panyaporn Chai'),
(115, 'Rungroj Den'),
(116, 'Saowaluk Fa'),
(117, 'Suthep Mai'),
(118, 'Thitima Kaew'),
(119, 'Ubolrat Sri'),
(120, 'Vatinee Ton'),
(121, 'Waranyu Thong'),
(122, 'Wichai Rak'),
(123, 'Yupa Da'),
(124, 'Zita Wan'),
(125, 'Amonrat Sut'),
(126, 'Boonlert Pol'),
(127, 'Chuenjit Hom'),
(128, 'Darunee Thep'),
(129, 'Ekarat Phun'),
(130, 'Faifa Poom'),
(131, 'Ganjanaporn Daeng'),
(132, 'Hataichanok Jan'),
(133, 'Inthavuth Poom'),
(134, 'Jittima Mon'),
(135, 'Komkrit Pan'),
(136, 'Laksana Rak'),
(137, 'Montri Noi'),
(138, 'Nipaporn Lim'),
(139, 'Opas Siri'),
(140, 'Patthara Suk'),
(141, 'Rattana Wong'),
(142, 'Sakda Wut'),
(143, 'Tassanee Som'),
(144, 'Usa Sut'),
(145, 'Veera Chai'),
(146, 'Wichuda Sri'),
(147, 'Yongyut Den'),
(148, 'Zubaida Mon'),
(149, 'Adisak Dee'),
(150, 'Boonma Noi'),
(151, 'Chaiwat Man'),
(152, 'Dhamrong Thip'),
(153, 'Ekkarin Kuan'),
(154, 'Fong Mon'),
(155, 'Ganyaphak Rak'),
(156, 'Hathairat Pan'),
(157, 'Inthirat Chai'),
(158, 'Juthamas Lek'),
(159, 'Kriangsak Mon'),
(160, 'Lertchai Rak'),
(161, 'Manlika Sut'),
(162, 'Nittaya Phet'),
(163, 'Orapin Ton'),
(164, 'Pimonrat Mon'),
(165, 'Rungarun Noom'),
(166, 'Saichon Kaew'),
(167, 'Supattra Sri'),
(168, 'Thirasak Ton'),
(169, 'Udomrat Som'),
(170, 'Vipawan Rak'),
(171, 'Wutthinan Sut'),
(172, 'Yodsawin Dee'),
(173, 'Zabina Fa'),
(174, 'Adirek Chom'),
(175, 'Buppha On'),
(176, 'Chidchanok Poom'),
(177, 'Duangkamol Jan'),
(178, 'Ekkarach Chai'),
(179, 'Fak Thong'),
(180, 'Ganda Man'),
(181, 'Hathai Nai'),
(182, 'Inthawat Ton'),
(183, 'Jiraroj Lek'),
(184, 'Kittiporn Rak'),
(185, 'Lalana Mon'),
(186, 'Monthon Noom'),
(187, 'Niwat Som'),
(188, 'Onnapa Phet'),
(189, 'Pornchai Ton'),
(190, 'Rattaporn Mon'),
(191, 'Sakhon Chai'),
(192, 'Tawatchai Rak'),
(193, 'Udomporn Poom'),
(194, 'Vithaya Jan'),
(195, 'Wannapa Mon'),
(196, 'Yuttapong Ton'),
(197, 'Zoe Kaew'),
(198, 'Adithep Sri'),
(199, 'Buranin Rak'),
(200, 'Chaiyot Den');

INSERT INTO ClassSlot (cID, cDay, cTime, tID) VALUES
(1, 'Monday', '09:00 - 10:30', 1),
(2, 'Monday', '10:30 - 12:00', 2),
(3, 'Tuesday', '14:00 - 15:30', 3),
(4, 'Tuesday', '16:00 - 17:30', 4),
(5, 'Wednesday', '09:00 - 10:30', 5),
(6, 'Wednesday', '13:00 - 14:30', 6),
(7, 'Thursday', '10:00 - 11:30', 7),
(8, 'Thursday', '15:30 - 17:00', 8),
(9, 'Friday', '11:00 - 12:30', 9),
(10, 'Friday', '17:00 - 18:30', 10),
(11, 'Monday', '12:00 - 13:30', 11),
(12, 'Monday', '18:00 - 19:30', 12),
(13, 'Tuesday', '09:00 - 10:30', 13),
(14, 'Tuesday', '13:30 - 15:00', 14),
(15, 'Wednesday', '10:30 - 12:00', 15),
(16, 'Wednesday', '14:30 - 16:00', 16),
(17, 'Thursday', '11:30 - 13:00', 17),
(18, 'Thursday', '16:30 - 18:00', 18),
(19, 'Friday', '09:00 - 10:30', 19),
(20, 'Friday', '13:00 - 14:30', 20),
(21, 'Monday', '10:00 - 11:30', 21),
(22, 'Monday', '14:00 - 15:30', 22),
(23, 'Tuesday', '11:00 - 12:30', 23),
(24, 'Tuesday', '15:00 - 16:30', 24),
(25, 'Wednesday', '12:30 - 14:00', 25),
(26, 'Wednesday', '16:00 - 17:30', 26),
(27, 'Thursday', '09:30 - 11:00', 27),
(28, 'Thursday', '13:00 - 14:30', 28),
(29, 'Friday', '10:30 - 12:00', 29),
(30, 'Friday', '15:30 - 17:00', 30),
(31, 'Saturday', '09:00 - 10:30', 31),
(32, 'Saturday', '11:00 - 12:30', 32),
(33, 'Sunday', '13:00 - 14:30', 33),
(34, 'Sunday', '15:00 - 16:30', 34),
(35, 'Monday', '10:00 - 11:30', 35),
(36, 'Monday', '12:00 - 13:30', 36),
(37, 'Tuesday', '14:00 - 15:30', 37),
(38, 'Tuesday', '16:00 - 17:30', 38),
(39, 'Wednesday', '09:00 - 10:30', 39),
(40, 'Wednesday', '13:00 - 14:30', 40),
(41, 'Thursday', '10:00 - 11:30', 41),
(42, 'Thursday', '15:30 - 17:00', 42),
(43, 'Friday', '11:00 - 12:30', 43),
(44, 'Friday', '17:00 - 18:30', 44),
(45, 'Saturday', '12:00 - 13:30', 45),
(46, 'Saturday', '18:00 - 19:30', 46),
(47, 'Sunday', '09:00 - 10:30', 47),
(48, 'Sunday', '13:30 - 15:00', 48),
(49, 'Monday', '10:30 - 12:00', 49),
(50, 'Monday', '14:30 - 16:00', 50),
(51, 'Tuesday', '11:30 - 13:00', 51),
(52, 'Tuesday', '16:30 - 18:00', 52),
(53, 'Wednesday', '09:00 - 10:30', 53),
(54, 'Wednesday', '13:00 - 14:30', 54),
(55, 'Thursday', '10:00 - 11:30', 55),
(56, 'Thursday', '15:30 - 17:00', 56),
(57, 'Friday', '11:00 - 12:30', 57),
(58, 'Friday', '17:00 - 18:30', 58),
(59, 'Saturday', '12:00 - 13:30', 59),
(60, 'Saturday', '18:00 - 19:30', 60),
(61, 'Sunday', '09:00 - 10:30', 61),
(62, 'Sunday', '13:30 - 15:00', 62),
(63, 'Monday', '10:30 - 12:00', 63),
(64, 'Monday', '14:30 - 16:00', 64),
(65, 'Tuesday', '11:30 - 13:00', 65),
(66, 'Tuesday', '16:30 - 18:00', 66),
(67, 'Wednesday', '09:00 - 10:30', 67),
(68, 'Wednesday', '13:00 - 14:30', 68),
(69, 'Thursday', '10:00 - 11:30', 69),
(70, 'Thursday', '15:30 - 17:00', 70),
(71, 'Friday', '11:00 - 12:30', 71),
(72, 'Friday', '17:00 - 18:30', 72),
(73, 'Saturday', '12:00 - 13:30', 73),
(74, 'Saturday', '18:00 - 19:30', 74),
(75, 'Sunday', '09:00 - 10:30', 75),
(76, 'Sunday', '13:30 - 15:00', 76),
(77, 'Monday', '10:30 - 12:00', 77),
(78, 'Monday', '14:30 - 16:00', 78),
(79, 'Tuesday', '11:30 - 13:00', 79),
(80, 'Tuesday', '16:30 - 18:00', 80),
(81, 'Wednesday', '09:00 - 10:30', 81),
(82, 'Wednesday', '13:00 - 14:30', 82),
(83, 'Thursday', '10:00 - 11:30', 83),
(84, 'Thursday', '15:30 - 17:00', 84),
(85, 'Friday', '11:00 - 12:30', 85),
(86, 'Friday', '17:00 - 18:30', 86),
(87, 'Saturday', '12:00 - 13:30', 87),
(88, 'Saturday', '18:00 - 19:30', 88),
(89, 'Sunday', '09:00 - 10:30', 89),
(90, 'Sunday', '13:30 - 15:00', 90),
(91, 'Monday', '10:30 - 12:00', 91),
(92, 'Monday', '14:30 - 16:00', 92),
(93, 'Tuesday', '11:30 - 13:00', 93),
(94, 'Tuesday', '16:30 - 18:00', 94),
(95, 'Wednesday', '09:00 - 10:30', 95),
(96, 'Wednesday', '13:00 - 14:30', 96),
(97, 'Thursday', '10:00 - 11:30', 97),
(98, 'Thursday', '15:30 - 17:00', 98),
(99, 'Friday', '11:00 - 12:30', 99),
(100, 'Friday', '17:00 - 18:30', 100),
(101, 'Saturday', '12:00 - 13:30', 101),
(102, 'Saturday', '18:00 - 19:30', 102),
(103, 'Sunday', '09:00 - 10:30', 103),
(104, 'Sunday', '13:30 - 15:00', 104),
(105, 'Monday', '10:30 - 12:00', 105),
(106, 'Monday', '14:30 - 16:00', 106),
(107, 'Tuesday', '11:30 - 13:00', 107),
(108, 'Tuesday', '16:30 - 18:00', 108),
(109, 'Wednesday', '09:00 - 10:30', 109),
(110, 'Wednesday', '13:00 - 14:30', 110),
(111, 'Thursday', '10:00 - 11:30', 111),
(112, 'Thursday', '15:30 - 17:00', 112),
(113, 'Friday', '11:00 - 12:30', 113),
(114, 'Friday', '17:00 - 18:30', 114),
(115, 'Saturday', '12:00 - 13:30', 115),
(116, 'Saturday', '18:00 - 19:30', 116),
(117, 'Sunday', '09:00 - 10:30', 117),
(118, 'Sunday', '13:30 - 15:00', 118),
(119, 'Monday', '10:30 - 12:00', 119),
(120, 'Monday', '14:30 - 16:00', 120),
(121, 'Tuesday', '11:30 - 13:00', 121),
(122, 'Tuesday', '16:30 - 18:00', 122),
(123, 'Wednesday', '09:00 - 10:30', 123),
(124, 'Wednesday', '13:00 - 14:30', 124),
(125, 'Thursday', '10:00 - 11:30', 125),
(126, 'Thursday', '15:30 - 17:00', 126),
(127, 'Friday', '11:00 - 12:30', 127),
(128, 'Friday', '17:00 - 18:30', 128),
(129, 'Saturday', '12:00 - 13:30', 129),
(130, 'Saturday', '18:00 - 19:30', 130),
(131, 'Sunday', '09:00 - 10:30', 131),
(132, 'Sunday', '13:30 - 15:00', 132),
(133, 'Monday', '10:30 - 12:00', 133),
(134, 'Monday', '14:30 - 16:00', 134),
(135, 'Tuesday', '11:30 - 13:00', 135),
(136, 'Tuesday', '16:30 - 18:00', 136),
(137, 'Wednesday', '09:00 - 10:30', 137),
(138, 'Wednesday', '13:00 - 14:30', 138),
(139, 'Thursday', '10:00 - 11:30', 139),
(140, 'Thursday', '15:30 - 17:00', 140),
(141, 'Friday', '11:00 - 12:30', 141),
(142, 'Friday', '17:00 - 18:30', 142),
(143, 'Saturday', '12:00 - 13:30', 143),
(144, 'Saturday', '18:00 - 19:30', 144),
(145, 'Sunday', '09:00 - 10:30', 145),
(146, 'Sunday', '13:30 - 15:00', 146),
(147, 'Monday', '10:30 - 12:00', 147),
(148, 'Monday', '14:30 - 16:00', 148),
(149, 'Tuesday', '11:30 - 13:00', 149),
(150, 'Tuesday', '16:30 - 18:00', 150),
(151, 'Wednesday', '09:00 - 10:30', 151),
(152, 'Wednesday', '13:00 - 14:30', 152),
(153, 'Thursday', '10:00 - 11:30', 153),
(154, 'Thursday', '15:30 - 17:00', 154),
(155, 'Friday', '11:00 - 12:30', 155),
(156, 'Friday', '17:00 - 18:30', 156),
(157, 'Saturday', '12:00 - 13:30', 157),
(158, 'Saturday', '18:00 - 19:30', 158),
(159, 'Sunday', '09:00 - 10:30', 159),
(160, 'Sunday', '13:30 - 15:00', 160),
(161, 'Monday', '10:30 - 12:00', 161),
(162, 'Monday', '14:30 - 16:00', 162),
(163, 'Tuesday', '11:30 - 13:00', 163),
(164, 'Tuesday', '16:30 - 18:00', 164),
(165, 'Wednesday', '09:00 - 10:30', 165),
(166, 'Wednesday', '13:00 - 14:30', 166),
(167, 'Thursday', '10:00 - 11:30', 167),
(168, 'Thursday', '15:30 - 17:00', 168),
(169, 'Friday', '11:00 - 12:30', 169),
(170, 'Friday', '17:00 - 18:30', 170),
(171, 'Saturday', '12:00 - 13:30', 171),
(172, 'Saturday', '18:00 - 19:30', 172),
(173, 'Sunday', '09:00 - 10:30', 173),
(174, 'Sunday', '13:30 - 15:00', 174),
(175, 'Monday', '10:30 - 12:00', 175),
(176, 'Monday', '14:30 - 16:00', 176),
(177, 'Tuesday', '11:30 - 13:00', 177),
(178, 'Tuesday', '16:30 - 18:00', 178),
(179, 'Wednesday', '09:00 - 10:30', 179),
(180, 'Wednesday', '13:00 - 14:30', 180),
(181, 'Thursday', '10:00 - 11:30', 181),
(182, 'Thursday', '15:30 - 17:00', 182),
(183, 'Friday', '11:00 - 12:30', 183),
(184, 'Friday', '17:00 - 18:30', 184),
(185, 'Saturday', '12:00 - 13:30', 185),
(186, 'Saturday', '18:00 - 19:30', 186),
(187, 'Sunday', '09:00 - 10:30', 187),
(188, 'Sunday', '13:30 - 15:00', 188),
(189, 'Monday', '10:30 - 12:00', 189),
(190, 'Monday', '14:30 - 16:00', 190),
(191, 'Tuesday', '11:30 - 13:00', 191),
(192, 'Tuesday', '16:30 - 18:00', 192),
(193, 'Wednesday', '09:00 - 10:30', 193),
(194, 'Wednesday', '13:00 - 14:30', 194),
(195, 'Thursday', '10:00 - 11:30', 195),
(196, 'Thursday', '15:30 - 17:00', 196),
(197, 'Friday', '11:00 - 12:30', 197),
(198, 'Friday', '17:00 - 18:30', 198),
(199, 'Saturday', '12:00 - 13:30', 199),
(200, 'Saturday', '18:00 - 19:30', 200);

INSERT INTO Enrollment (sID, cID, enrollDate, paymentStatus, feeAmount) VALUES
(1, 1, '2023-01-01', 'Paid', 2500.00),
(2, 2, '2023-01-05', 'Paid', 2500.00),
(3, 3, '2023-01-10', 'Pending', 3000.00),
(4, 4, '2023-01-15', 'Paid', 2500.00),
(5, 5, '2023-01-20', 'Paid', 4000.00),
(6, 6, '2023-01-25', 'Paid', 3000.00),
(7, 7, '2023-02-01', 'Pending', 2500.00),
(8, 8, '2023-02-05', 'Paid', 4000.00),
(9, 9, '2023-02-10', 'Paid', 3000.00),
(10, 10, '2023-02-15', 'Paid', 2500.00),
(11, 11, '2023-02-20', 'Paid', 2500.00),
(12, 12, '2023-02-25', 'Pending', 3000.00),
(13, 13, '2023-03-01', 'Paid', 4000.00),
(14, 14, '2023-03-05', 'Paid', 2500.00),
(15, 15, '2023-03-10', 'Paid', 3000.00),
(16, 16, '2023-03-15', 'Paid', 4000.00),
(17, 17, '2023-03-20', 'Pending', 2500.00),
(18, 18, '2023-03-25', 'Paid', 3000.00),
(19, 19, '2023-04-01', 'Paid', 2500.00),
(20, 20, '2023-04-05', 'Paid', 4000.00),
(21, 21, '2023-04-10', 'Paid', 3000.00),
(22, 22, '2023-04-15', 'Pending', 2500.00),
(23, 23, '2023-04-20', 'Paid', 4000.00),
(24, 24, '2023-04-25', 'Paid', 3000.00),
(25, 25, '2023-05-01', 'Paid', 2500.00),
(26, 26, '2023-05-05', 'Paid', 4000.00),
(27, 27, '2023-05-10', 'Pending', 3000.00),
(28, 28, '2023-05-15', 'Paid', 2500.00),
(29, 29, '2023-05-20', 'Paid', 4000.00),
(30, 30, '2023-05-25', 'Paid', 3000.00),
(31, 31, '2023-06-01', 'Paid', 2500.00),
(32, 32, '2023-06-05', 'Pending', 4000.00),
(33, 33, '2023-06-10', 'Paid', 3000.00),
(34, 34, '2023-06-15', 'Paid', 2500.00),
(35, 35, '2023-06-20', 'Paid', 4000.00),
(36, 36, '2023-06-25', 'Paid', 3000.00),
(37, 37, '2023-07-01', 'Pending', 2500.00),
(38, 38, '2023-07-05', 'Paid', 4000.00),
(39, 39, '2023-07-10', 'Paid', 3000.00),
(40, 40, '2023-07-15', 'Paid', 2500.00),
(41, 41, '2023-07-20', 'Paid', 4000.00),
(42, 42, '2023-07-25', 'Pending', 3000.00),
(43, 43, '2023-08-01', 'Paid', 2500.00),
(44, 44, '2023-08-05', 'Paid', 4000.00),
(45, 45, '2023-08-10', 'Paid', 3000.00),
(46, 46, '2023-08-15', 'Paid', 2500.00),
(47, 47, '2023-08-20', 'Pending', 4000.00),
(48, 48, '2023-08-25', 'Paid', 3000.00),
(49, 49, '2023-09-01', 'Paid', 2500.00),
(50, 50, '2023-09-05', 'Paid', 4000.00),
(51, 51, '2023-09-10', 'Paid', 3000.00),
(52, 52, '2023-09-15', 'Pending', 2500.00),
(53, 53, '2023-09-20', 'Paid', 4000.00),
(54, 54, '2023-09-25', 'Paid', 3000.00),
(55, 55, '2023-10-01', 'Paid', 2500.00),
(56, 56, '2023-10-05', 'Paid', 4000.00),
(57, 57, '2023-10-10', 'Pending', 3000.00),
(58, 58, '2023-10-15', 'Paid', 2500.00),
(59, 59, '2023-10-20', 'Paid', 4000.00),
(60, 60, '2023-10-25', 'Paid', 3000.00),
(61, 61, '2023-11-01', 'Paid', 2500.00),
(62, 62, '2023-11-05', 'Pending', 4000.00),
(63, 63, '2023-11-10', 'Paid', 3000.00),
(64, 64, '2023-11-15', 'Paid', 2500.00),
(65, 65, '2023-11-20', 'Paid', 4000.00),
(66, 66, '2023-11-25', 'Paid', 3000.00),
(67, 67, '2023-12-01', 'Pending', 2500.00),
(68, 68, '2023-12-05', 'Paid', 4000.00),
(69, 69, '2023-12-10', 'Paid', 3000.00),
(70, 70, '2023-12-15', 'Paid', 2500.00),
(71, 71, '2023-12-20', 'Paid', 4000.00),
(72, 72, '2023-12-25', 'Pending', 3000.00),
(73, 73, '2024-01-01', 'Paid', 2500.00),
(74, 74, '2024-01-05', 'Paid', 4000.00),
(75, 75, '2024-01-10', 'Paid', 3000.00),
(76, 76, '2024-01-15', 'Paid', 2500.00),
(77, 77, '2024-01-20', 'Pending', 4000.00),
(78, 78, '2024-01-25', 'Paid', 3000.00),
(79, 79, '2024-02-01', 'Paid', 2500.00),
(80, 80, '2024-02-05', 'Paid', 4000.00),
(81, 81, '2024-02-10', 'Paid', 3000.00),
(82, 82, '2024-02-15', 'Pending', 2500.00),
(83, 83, '2024-02-20', 'Paid', 4000.00),
(84, 84, '2024-02-25', 'Paid', 3000.00),
(85, 85, '2024-03-01', 'Paid', 2500.00),
(86, 86, '2024-03-05', 'Paid', 4000.00),
(87, 87, '2024-03-10', 'Pending', 3000.00),
(88, 88, '2024-03-15', 'Paid', 2500.00),
(89, 89, '2024-03-20', 'Paid', 4000.00),
(90, 90, '2024-03-25', 'Paid', 3000.00),
(91, 91, '2024-04-01', 'Paid', 2500.00),
(92, 92, '2024-04-05', 'Pending', 4000.00),
(93, 93, '2024-04-10', 'Paid', 3000.00),
(94, 94, '2024-04-15', 'Paid', 2500.00),
(95, 95, '2024-04-20', 'Paid', 4000.00),
(96, 96, '2024-04-25', 'Paid', 3000.00),
(97, 97, '2024-05-01', 'Pending', 2500.00),
(98, 98, '2024-05-05', 'Paid', 4000.00),
(99, 99, '2024-05-10', 'Paid', 3000.00),
(100, 100, '2024-05-15', 'Paid', 2500.00),
(101, 101, '2024-05-20', 'Paid', 4000.00),
(102, 102, '2024-05-25', 'Pending', 3000.00),
(103, 103, '2024-06-01', 'Paid', 2500.00),
(104, 104, '2024-06-05', 'Paid', 4000.00),
(105, 105, '2024-06-10', 'Paid', 3000.00),
(106, 106, '2024-06-15', 'Paid', 2500.00),
(107, 107, '2024-06-20', 'Pending', 4000.00),
(108, 108, '2024-06-25', 'Paid', 3000.00),
(109, 109, '2024-07-01', 'Paid', 2500.00),
(110, 110, '2024-07-05', 'Paid', 4000.00),
(111, 111, '2024-07-10', 'Paid', 3000.00),
(112, 112, '2024-07-15', 'Pending', 2500.00),
(113, 113, '2024-07-20', 'Paid', 4000.00),
(114, 114, '2024-07-25', 'Paid', 3000.00),
(115, 115, '2024-08-01', 'Paid', 2500.00),
(116, 116, '2024-08-05', 'Paid', 4000.00),
(117, 117, '2024-08-10', 'Pending', 3000.00),
(118, 118, '2024-08-15', 'Paid', 2500.00),
(119, 119, '2024-08-20', 'Paid', 4000.00),
(120, 120, '2024-08-25', 'Paid', 3000.00),
(121, 121, '2024-09-01', 'Paid', 2500.00),
(122, 122, '2024-09-05', 'Pending', 4000.00),
(123, 123, '2024-09-10', 'Paid', 3000.00),
(124, 124, '2024-09-15', 'Paid', 2500.00),
(125, 125, '2024-09-20', 'Paid', 4000.00),
(126, 126, '2024-09-25', 'Paid', 3000.00),
(127, 127, '2024-10-01', 'Pending', 2500.00),
(128, 128, '2024-10-05', 'Paid', 4000.00),
(129, 129, '2024-10-10', 'Paid', 3000.00),
(130, 130, '2024-10-15', 'Paid', 2500.00),
(131, 131, '2024-10-20', 'Paid', 4000.00),
(132, 132, '2024-10-25', 'Pending', 3000.00),
(133, 133, '2024-11-01', 'Paid', 2500.00),
(134, 134, '2024-11-05', 'Paid', 4000.00),
(135, 135, '2024-11-10', 'Paid', 3000.00),
(136, 136, '2024-11-15', 'Paid', 2500.00),
(137, 137, '2024-11-20', 'Pending', 4000.00),
(138, 138, '2024-11-25', 'Paid', 3000.00),
(139, 139, '2024-12-01', 'Paid', 2500.00),
(140, 140, '2024-12-05', 'Paid', 4000.00),
(141, 141, '2024-12-10', 'Paid', 3000.00),
(142, 142, '2024-12-15', 'Pending', 2500.00),
(143, 143, '2024-12-20', 'Paid', 4000.00),
(144, 144, '2024-12-25', 'Paid', 3000.00),
(145, 145, '2025-01-01', 'Paid', 2500.00),
(146, 146, '2025-01-05', 'Paid', 4000.00),
(147, 147, '2025-01-10', 'Pending', 3000.00),
(148, 148, '2025-01-15', 'Paid', 2500.00),
(149, 149, '2025-01-20', 'Paid', 4000.00),
(150, 150, '2025-01-25', 'Paid', 3000.00),
(151, 151, '2025-02-01', 'Paid', 2500.00),
(152, 152, '2025-02-05', 'Pending', 4000.00),
(153, 153, '2025-02-10', 'Paid', 3000.00),
(154, 154, '2025-02-15', 'Paid', 2500.00),
(155, 155, '2025-02-20', 'Paid', 4000.00),
(156, 156, '2025-02-25', 'Paid', 3000.00),
(157, 157, '2025-03-01', 'Pending', 2500.00),
(158, 158, '2025-03-05', 'Paid', 4000.00),
(159, 159, '2025-03-10', 'Paid', 3000.00),
(160, 160, '2025-03-15', 'Paid', 2500.00),
(161, 161, '2025-03-20', 'Paid', 4000.00),
(162, 162, '2025-03-25', 'Pending', 3000.00),
(163, 163, '2025-04-01', 'Paid', 2500.00),
(164, 164, '2025-04-05', 'Paid', 4000.00),
(165, 165, '2025-04-10', 'Paid', 3000.00),
(166, 166, '2025-04-15', 'Paid', 2500.00),
(167, 167, '2025-04-20', 'Pending', 4000.00),
(168, 168, '2025-04-25', 'Paid', 3000.00),
(169, 169, '2025-05-01', 'Paid', 2500.00),
(170, 170, '2025-05-05', 'Paid', 4000.00),
(171, 171, '2025-05-10', 'Paid', 3000.00),
(172, 172, '2025-05-15', 'Pending', 2500.00),
(173, 173, '2025-05-20', 'Paid', 4000.00),
(174, 174, '2025-05-25', 'Paid', 3000.00),
(175, 175, '2025-06-01', 'Paid', 2500.00),
(176, 176, '2025-06-05', 'Paid', 4000.00),
(177, 177, '2025-06-10', 'Pending', 3000.00),
(178, 178, '2025-06-15', 'Paid', 2500.00),
(179, 179, '2025-06-20', 'Paid', 4000.00),
(180, 180, '2025-06-25', 'Paid', 3000.00),
(181, 181, '2025-07-01', 'Paid', 2500.00),
(182, 182, '2025-07-05', 'Pending', 4000.00),
(183, 183, '2025-07-10', 'Paid', 3000.00),
(184, 184, '2025-07-15', 'Paid', 2500.00),
(185, 185, '2025-07-20', 'Paid', 4000.00),
(186, 186, '2025-07-25', 'Paid', 3000.00),
(187, 187, '2025-08-01', 'Pending', 2500.00),
(188, 188, '2025-08-05', 'Paid', 4000.00),
(189, 189, '2025-08-10', 'Paid', 3000.00),
(190, 190, '2025-08-15', 'Paid', 2500.00),
(191, 191, '2025-08-20', 'Paid', 4000.00),
(192, 192, '2025-08-25', 'Pending', 3000.00),
(193, 193, '2025-09-01', 'Paid', 2500.00),
(194, 194, '2025-09-05', 'Paid', 4000.00),
(195, 195, '2025-09-10', 'Paid', 3000.00),
(196, 196, '2025-09-15', 'Paid', 2500.00),
(197, 197, '2025-09-20', 'Pending', 4000.00),
(198, 198, '2025-09-25', 'Paid', 3000.00),
(199, 199, '2025-10-01', 'Paid', 2500.00),
(200, 200, '2025-10-05', 'Paid', 4000.00);

INSERT INTO InstructorMedia (mediaID, iID, imageURL, videoURL) VALUES
(1, 1, 'https://www.tnnthailand.com/static/2025/02d0b10f-8872-45c3-b7e4-6de7787330f7.webp', 'https://youtu.be/dQw4w9WgXcQ?si=NnTRWF9GrXAM7NWB'),
(2, 2, 'https://www.tnnthailand.com/static/2025/02d0b10f-8872-45c3-b7e4-6de7787330f7.webp', 'https://youtu.be/dQw4w9WgXcQ?si=NnTRWF9GrXAM7NWB'),
(3, 3, 'https://www.tnnthailand.com/static/2025/02d0b10f-8872-45c3-b7e4-6de7787330f7.webp', 'https://youtu.be/dQw4w9WgXcQ?si=NnTRWF9GrXAM7NWB'),
(4, 4, 'https://www.tnnthailand.com/static/2025/02d0b10f-8872-45c3-b7e4-6de7787330f7.webp', 'https://youtu.be/dQw4w9WgXcQ?si=NnTRWF9GrXAM7NWB'),
(5, 5, 'https://www.tnnthailand.com/static/2025/02d0b10f-8872-45c3-b7e4-6de7787330f7.webp', 'https://youtu.be/dQw4w9WgXcQ?si=NnTRWF9GrXAM7NWB'),
(6, 6, 'https://www.tnnthailand.com/static/2025/02d0b10f-8872-45c3-b7e4-6de7787330f7.webp', 'https://youtu.be/dQw4w9WgXcQ?si=NnTRWF9GrXAM7NWB'),
(7, 7, 'https://www.tnnthailand.com/static/2025/02d0b10f-8872-45c3-b7e4-6de7787330f7.webp', 'https://youtu.be/dQw4w9WgXcQ?si=NnTRWF9GrXAM7NWB'),
(8, 8, 'https://www.tnnthailand.com/static/2025/02d0b10f-8872-45c3-b7e4-6de7787330f7.webp', 'https://youtu.be/dQw4w9WgXcQ?si=NnTRWF9GrXAM7NWB'),
(9, 9, 'https://www.tnnthailand.com/static/2025/02d0b10f-8872-45c3-b7e4-6de7787330f7.webp', 'https://youtu.be/dQw4w9WgXcQ?si=NnTRWF9GrXAM7NWB'),
(10, 10, 'https://www.tnnthailand.com/static/2025/02d0b10f-8872-45c3-b7e4-6de7787330f7.webp', 'https://youtu.be/dQw4w9WgXcQ?si=NnTRWF9GrXAM7NWB'),
(11, 11, 'https://www.tnnthailand.com/static/2025/02d0b10f-8872-45c3-b7e4-6de7787330f7.webp', 'https://youtu.be/dQw4w9WgXcQ?si=NnTRWF9GrXAM7NWB'),
(12, 12, 'https://www.tnnthailand.com/static/2025/02d0b10f-8872-45c3-b7e4-6de7787330f7.webp', 'https://youtu.be/dQw4w9WgXcQ?si=NnTRWF9GrXAM7NWB'),
(13, 13, 'https://www.tnnthailand.com/static/2025/02d0b10f-8872-45c3-b7e4-6de7787330f7.webp', 'https://youtu.be/dQw4w9WgXcQ?si=NnTRWF9GrXAM7NWB'),
(14, 14, 'https://www.tnnthailand.com/static/2025/02d0b10f-8872-45c3-b7e4-6de7787330f7.webp', 'https://youtu.be/dQw4w9WgXcQ?si=NnTRWF9GrXAM7NWB'),
(15, 15, 'https://www.tnnthailand.com/static/2025/02d0b10f-8872-45c3-b7e4-6de7787330f7.webp', 'https://youtu.be/dQw4w9WgXcQ?si=NnTRWF9GrXAM7NWB'),
(16, 16, 'https://www.tnnthailand.com/static/2025/02d0b10f-8872-45c3-b7e4-6de7787330f7.webp', 'https://youtu.be/dQw4w9WgXcQ?si=NnTRWF9GrXAM7NWB'),
(17, 17, 'https://www.tnnthailand.com/static/2025/02d0b10f-8872-45c3-b7e4-6de7787330f7.webp', 'https://youtu.be/dQw4w9WgXcQ?si=NnTRWF9GrXAM7NWB'),
(18, 18, 'https://www.tnnthailand.com/static/2025/02d0b10f-8872-45c3-b7e4-6de7787330f7.webp', 'https://youtu.be/dQw4w9WgXcQ?si=NnTRWF9GrXAM7NWB'),
(19, 19, 'https://www.tnnthailand.com/static/2025/02d0b10f-8872-45c3-b7e4-6de7787330f7.webp', 'https://youtu.be/dQw4w9WgXcQ?si=NnTRWF9GrXAM7NWB'),
(20, 20, 'https://www.tnnthailand.com/static/2025/02d0b10f-8872-45c3-b7e4-6de7787330f7.webp', 'https://youtu.be/dQw4w9WgXcQ?si=NnTRWF9GrXAM7NWB'),
(21, 21, 'https://www.tnnthailand.com/static/2025/02d0b10f-8872-45c3-b7e4-6de7787330f7.webp', 'https://youtu.be/dQw4w9WgXcQ?si=NnTRWF9GrXAM7NWB'),
(22, 22, 'https://www.tnnthailand.com/static/2025/02d0b10f-8872-45c3-b7e4-6de7787330f7.webp', 'https://youtu.be/dQw4w9WgXcQ?si=NnTRWF9GrXAM7NWB'),
(23, 23, 'https://www.tnnthailand.com/static/2025/02d0b10f-8872-45c3-b7e4-6de7787330f7.webp', 'https://youtu.be/dQw4w9WgXcQ?si=NnTRWF9GrXAM7NWB'),
(24, 24, 'https://www.tnnthailand.com/static/2025/02d0b10f-8872-45c3-b7e4-6de7787330f7.webp', 'https://youtu.be/dQw4w9WgXcQ?si=NnTRWF9GrXAM7NWB'),
(25, 25, 'https://www.tnnthailand.com/static/2025/02d0b10f-8872-45c3-b7e4-6de7787330f7.webp', 'https://youtu.be/dQw4w9WgXcQ?si=NnTRWF9GrXAM7NWB'),
(26, 26, 'https://www.tnnthailand.com/static/2025/02d0b10f-8872-45c3-b7e4-6de7787330f7.webp', 'https://youtu.be/dQw4w9WgXcQ?si=NnTRWF9GrXAM7NWB'),
(27, 27, 'https://www.tnnthailand.com/static/2025/02d0b10f-8872-45c3-b7e4-6de7787330f7.webp', 'https://youtu.be/dQw4w9WgXcQ?si=NnTRWF9GrXAM7NWB'),
(28, 28, 'https://www.tnnthailand.com/static/2025/02d0b10f-8872-45c3-b7e4-6de7787330f7.webp', 'https://youtu.be/dQw4w9WgXcQ?si=NnTRWF9GrXAM7NWB'),
(29, 29, 'https://www.tnnthailand.com/static/2025/02d0b10f-8872-45c3-b7e4-6de7787330f7.webp', 'https://youtu.be/dQw4w9WgXcQ?si=NnTRWF9GrXAM7NWB'),
(30, 30, 'https://www.tnnthailand.com/static/2025/02d0b10f-8872-45c3-b7e4-6de7787330f7.webp', 'https://youtu.be/dQw4w9WgXcQ?si=NnTRWF9GrXAM7NWB'),
(31, 31, 'https://www.tnnthailand.com/static/2025/02d0b10f-8872-45c3-b7e4-6de7787330f7.webp', 'https://youtu.be/dQw4w9WgXcQ?si=NnTRWF9GrXAM7NWB'),
(32, 32, 'https://www.tnnthailand.com/static/2025/02d0b10f-8872-45c3-b7e4-6de7787330f7.webp', 'https://youtu.be/dQw4w9WgXcQ?si=NnTRWF9GrXAM7NWB'),
(33, 33, 'https://www.tnnthailand.com/static/2025/02d0b10f-8872-45c3-b7e4-6de7787330f7.webp', 'https://youtu.be/dQw4w9WgXcQ?si=NnTRWF9GrXAM7NWB'),
(34, 34, 'https://www.tnnthailand.com/static/2025/02d0b10f-8872-45c3-b7e4-6de7787330f7.webp', 'https://youtu.be/dQw4w9WgXcQ?si=NnTRWF9GrXAM7NWB'),
(35, 35, 'https://www.tnnthailand.com/static/2025/02d0b10f-8872-45c3-b7e4-6de7787330f7.webp', 'https://youtu.be/dQw4w9WgXcQ?si=NnTRWF9GrXAM7NWB'),
(36, 36, 'https://www.tnnthailand.com/static/2025/02d0b10f-8872-45c3-b7e4-6de7787330f7.webp', 'https://youtu.be/dQw4w9WgXcQ?si=NnTRWF9GrXAM7NWB'),
(37, 37, 'https://www.tnnthailand.com/static/2025/02d0b10f-8872-45c3-b7e4-6de7787330f7.webp', 'https://youtu.be/dQw4w9WgXcQ?si=NnTRWF9GrXAM7NWB'),
(38, 38, 'https://www.tnnthailand.com/static/2025/02d0b10f-8872-45c3-b7e4-6de7787330f7.webp', 'https://youtu.be/dQw4w9WgXcQ?si=NnTRWF9GrXAM7NWB'),
(39, 39, 'https://www.tnnthailand.com/static/2025/02d0b10f-8872-45c3-b7e4-6de7787330f7.webp', 'https://youtu.be/dQw4w9WgXcQ?si=NnTRWF9GrXAM7NWB'),
(40, 40, 'https://www.tnnthailand.com/static/2025/02d0b10f-8872-45c3-b7e4-6de7787330f7.webp', 'https://youtu.be/dQw4w9WgXcQ?si=NnTRWF9GrXAM7NWB'),
(41, 41, 'https://www.tnnthailand.com/static/2025/02d0b10f-8872-45c3-b7e4-6de7787330f7.webp', 'https://youtu.be/dQw4w9WgXcQ?si=NnTRWF9GrXAM7NWB'),
(42, 42, 'https://www.tnnthailand.com/static/2025/02d0b10f-8872-45c3-b7e4-6de7787330f7.webp', 'https://youtu.be/dQw4w9WgXcQ?si=NnTRWF9GrXAM7NWB'),
(43, 43, 'https://www.tnnthailand.com/static/2025/02d0b10f-8872-45c3-b7e4-6de7787330f7.webp', 'https://youtu.be/dQw4w9WgXcQ?si=NnTRWF9GrXAM7NWB'),
(44, 44, 'https://www.tnnthailand.com/static/2025/02d0b10f-8872-45c3-b7e4-6de7787330f7.webp', 'https://youtu.be/dQw4w9WgXcQ?si=NnTRWF9GrXAM7NWB'),
(45, 45, 'https://www.tnnthailand.com/static/2025/02d0b10f-8872-45c3-b7e4-6de7787330f7.webp', 'https://youtu.be/dQw4w9WgXcQ?si=NnTRWF9GrXAM7NWB'),
(46, 46, 'https://www.tnnthailand.com/static/2025/02d0b10f-8872-45c3-b7e4-6de7787330f7.webp', 'https://youtu.be/dQw4w9WgXcQ?si=NnTRWF9GrXAM7NWB'),
(47, 47, 'https://www.tnnthailand.com/static/2025/02d0b10f-8872-45c3-b7e4-6de7787330f7.webp', 'https://youtu.be/dQw4w9WgXcQ?si=NnTRWF9GrXAM7NWB'),
(48, 48, 'https://www.tnnthailand.com/static/2025/02d0b10f-8872-45c3-b7e4-6de7787330f7.webp', 'https://youtu.be/dQw4w9WgXcQ?si=NnTRWF9GrXAM7NWB'),
(49, 49, 'https://www.tnnthailand.com/static/2025/02d0b10f-8872-45c3-b7e4-6de7787330f7.webp', 'https://youtu.be/dQw4w9WgXcQ?si=NnTRWF9GrXAM7NWB'),
(50, 50, 'https://www.tnnthailand.com/static/2025/02d0b10f-8872-45c3-b7e4-6de7787330f7.webp', 'https://youtu.be/dQw4w9WgXcQ?si=NnTRWF9GrXAM7NWB'),
(51, 51, 'https://www.tnnthailand.com/static/2025/02d0b10f-8872-45c3-b7e4-6de7787330f7.webp', 'https://youtu.be/dQw4w9WgXcQ?si=NnTRWF9GrXAM7NWB'),
(52, 52, 'https://www.tnnthailand.com/static/2025/02d0b10f-8872-45c3-b7e4-6de7787330f7.webp', 'https://youtu.be/dQw4w9WgXcQ?si=NnTRWF9GrXAM7NWB'),
(53, 53, 'https://www.tnnthailand.com/static/2025/02d0b10f-8872-45c3-b7e4-6de7787330f7.webp', 'https://youtu.be/dQw4w9WgXcQ?si=NnTRWF9GrXAM7NWB'),
(54, 54, 'https://www.tnnthailand.com/static/2025/02d0b10f-8872-45c3-b7e4-6de7787330f7.webp', 'https://youtu.be/dQw4w9WgXcQ?si=NnTRWF9GrXAM7NWB'),
(55, 55, 'https://www.tnnthailand.com/static/2025/02d0b10f-8872-45c3-b7e4-6de7787330f7.webp', 'https://youtu.be/dQw4w9WgXcQ?si=NnTRWF9GrXAM7NWB'),
(56, 56, 'https://www.tnnthailand.com/static/2025/02d0b10f-8872-45c3-b7e4-6de7787330f7.webp', 'https://youtu.be/dQw4w9WgXcQ?si=NnTRWF9GrXAM7NWB'),
(57, 57, 'https://www.tnnthailand.com/static/2025/02d0b10f-8872-45c3-b7e4-6de7787330f7.webp', 'https://youtu.be/dQw4w9WgXcQ?si=NnTRWF9GrXAM7NWB'),
(58, 58, 'https://www.tnnthailand.com/static/2025/02d0b10f-8872-45c3-b7e4-6de7787330f7.webp', 'https://youtu.be/dQw4w9WgXcQ?si=NnTRWF9GrXAM7NWB'),
(59, 59, 'https://www.tnnthailand.com/static/2025/02d0b10f-8872-45c3-b7e4-6de7787330f7.webp', 'https://youtu.be/dQw4w9WgXcQ?si=NnTRWF9GrXAM7NWB'),
(60, 60, 'https://www.tnnthailand.com/static/2025/02d0b10f-8872-45c3-b7e4-6de7787330f7.webp', 'https://youtu.be/dQw4w9WgXcQ?si=NnTRWF9GrXAM7NWB'),
(61, 61, 'https://www.tnnthailand.com/static/2025/02d0b10f-8872-45c3-b7e4-6de7787330f7.webp', 'https://youtu.be/dQw4w9WgXcQ?si=NnTRWF9GrXAM7NWB'),
(62, 62, 'https://www.tnnthailand.com/static/2025/02d0b10f-8872-45c3-b7e4-6de7787330f7.webp', 'https://youtu.be/dQw4w9WgXcQ?si=NnTRWF9GrXAM7NWB'),
(63, 63, 'https://www.tnnthailand.com/static/2025/02d0b10f-8872-45c3-b7e4-6de7787330f7.webp', 'https://youtu.be/dQw4w9WgXcQ?si=NnTRWF9GrXAM7NWB'),
(64, 64, 'https://www.tnnthailand.com/static/2025/02d0b10f-8872-45c3-b7e4-6de7787330f7.webp', 'https://youtu.be/dQw4w9WgXcQ?si=NnTRWF9GrXAM7NWB'),
(65, 65, 'https://www.tnnthailand.com/static/2025/02d0b10f-8872-45c3-b7e4-6de7787330f7.webp', 'https://youtu.be/dQw4w9WgXcQ?si=NnTRWF9GrXAM7NWB'),
(66, 66, 'https://www.tnnthailand.com/static/2025/02d0b10f-8872-45c3-b7e4-6de7787330f7.webp', 'https://youtu.be/dQw4w9WgXcQ?si=NnTRWF9GrXAM7NWB'),
(67, 67, 'https://www.tnnthailand.com/static/2025/02d0b10f-8872-45c3-b7e4-6de7787330f7.webp', 'https://youtu.be/dQw4w9WgXcQ?si=NnTRWF9GrXAM7NWB'),
(68, 68, 'https://www.tnnthailand.com/static/2025/02d0b10f-8872-45c3-b7e4-6de7787330f7.webp', 'https://youtu.be/dQw4w9WgXcQ?si=NnTRWF9GrXAM7NWB'),
(69, 69, 'https://www.tnnthailand.com/static/2025/02d0b10f-8872-45c3-b7e4-6de7787330f7.webp', 'https://youtu.be/dQw4w9WgXcQ?si=NnTRWF9GrXAM7NWB'),
(70, 70, 'https://www.tnnthailand.com/static/2025/02d0b10f-8872-45c3-b7e4-6de7787330f7.webp', 'https://youtu.be/dQw4w9WgXcQ?si=NnTRWF9GrXAM7NWB'),
(71, 71, 'https://www.tnnthailand.com/static/2025/02d0b10f-8872-45c3-b7e4-6de7787330f7.webp', 'https://youtu.be/dQw4w9WgXcQ?si=NnTRWF9GrXAM7NWB'),
(72, 72, 'https://www.tnnthailand.com/static/2025/02d0b10f-8872-45c3-b7e4-6de7787330f7.webp', 'https://youtu.be/dQw4w9WgXcQ?si=NnTRWF9GrXAM7NWB'),
(73, 73, 'https://www.tnnthailand.com/static/2025/02d0b10f-8872-45c3-b7e4-6de7787330f7.webp', 'https://youtu.be/dQw4w9WgXcQ?si=NnTRWF9GrXAM7NWB'),
(74, 74, 'https://www.tnnthailand.com/static/2025/02d0b10f-8872-45c3-b7e4-6de7787330f7.webp', 'https://youtu.be/dQw4w9WgXcQ?si=NnTRWF9GrXAM7NWB'),
(75, 75, 'https://www.tnnthailand.com/static/2025/02d0b10f-8872-45c3-b7e4-6de7787330f7.webp', 'https://youtu.be/dQw4w9WgXcQ?si=NnTRWF9GrXAM7NWB'),
(76, 76, 'https://www.tnnthailand.com/static/2025/02d0b10f-8872-45c3-b7e4-6de7787330f7.webp', 'https://youtu.be/dQw4w9WgXcQ?si=NnTRWF9GrXAM7NWB'),
(77, 77, 'https://www.tnnthailand.com/static/2025/02d0b10f-8872-45c3-b7e4-6de7787330f7.webp', 'https://youtu.be/dQw4w9WgXcQ?si=NnTRWF9GrXAM7NWB'),
(78, 78, 'https://www.tnnthailand.com/static/2025/02d0b10f-8872-45c3-b7e4-6de7787330f7.webp', 'https://youtu.be/dQw4w9WgXcQ?si=NnTRWF9GrXAM7NWB'),
(79, 79, 'https://www.tnnthailand.com/static/2025/02d0b10f-8872-45c3-b7e4-6de7787330f7.webp', 'https://youtu.be/dQw4w9WgXcQ?si=NnTRWF9GrXAM7NWB'),
(80, 80, 'https://www.tnnthailand.com/static/2025/02d0b10f-8872-45c3-b7e4-6de7787330f7.webp', 'https://youtu.be/dQw4w9WgXcQ?si=NnTRWF9GrXAM7NWB'),
(81, 81, 'https://www.tnnthailand.com/static/2025/02d0b10f-8872-45c3-b7e4-6de7787330f7.webp', 'https://youtu.be/dQw4w9WgXcQ?si=NnTRWF9GrXAM7NWB'),
(82, 82, 'https://www.tnnthailand.com/static/2025/02d0b10f-8872-45c3-b7e4-6de7787330f7.webp', 'https://youtu.be/dQw4w9WgXcQ?si=NnTRWF9GrXAM7NWB'),
(83, 83, 'https://www.tnnthailand.com/static/2025/02d0b10f-8872-45c3-b7e4-6de7787330f7.webp', 'https://youtu.be/dQw4w9WgXcQ?si=NnTRWF9GrXAM7NWB'),
(84, 84, 'https://www.tnnthailand.com/static/2025/02d0b10f-8872-45c3-b7e4-6de7787330f7.webp', 'https://youtu.be/dQw4w9WgXcQ?si=NnTRWF9GrXAM7NWB'),
(85, 85, 'https://www.tnnthailand.com/static/2025/02d0b10f-8872-45c3-b7e4-6de7787330f7.webp', 'https://youtu.be/dQw4w9WgXcQ?si=NnTRWF9GrXAM7NWB'),
(86, 86, 'https://www.tnnthailand.com/static/2025/02d0b10f-8872-45c3-b7e4-6de7787330f7.webp', 'https://youtu.be/dQw4w9WgXcQ?si=NnTRWF9GrXAM7NWB'),
(87, 87, 'https://www.tnnthailand.com/static/2025/02d0b10f-8872-45c3-b7e4-6de7787330f7.webp', 'https://youtu.be/dQw4w9WgXcQ?si=NnTRWF9GrXAM7NWB'),
(88, 88, 'https://www.tnnthailand.com/static/2025/02d0b10f-8872-45c3-b7e4-6de7787330f7.webp', 'https://youtu.be/dQw4w9WgXcQ?si=NnTRWF9GrXAM7NWB'),
(89, 89, 'https://www.tnnthailand.com/static/2025/02d0b10f-8872-45c3-b7e4-6de7787330f7.webp', 'https://youtu.be/dQw4w9WgXcQ?si=NnTRWF9GrXAM7NWB'),
(90, 90, 'https://www.tnnthailand.com/static/2025/02d0b10f-8872-45c3-b7e4-6de7787330f7.webp', 'https://youtu.be/dQw4w9WgXcQ?si=NnTRWF9GrXAM7NWB'),
(91, 91, 'https://www.tnnthailand.com/static/2025/02d0b10f-8872-45c3-b7e4-6de7787330f7.webp', 'https://youtu.be/dQw4w9WgXcQ?si=NnTRWF9GrXAM7NWB'),
(92, 92, 'https://www.tnnthailand.com/static/2025/02d0b10f-8872-45c3-b7e4-6de7787330f7.webp', 'https://youtu.be/dQw4w9WgXcQ?si=NnTRWF9GrXAM7NWB'),
(93, 93, 'https://www.tnnthailand.com/static/2025/02d0b10f-8872-45c3-b7e4-6de7787330f7.webp', 'https://youtu.be/dQw4w9WgXcQ?si=NnTRWF9GrXAM7NWB'),
(94, 94, 'https://www.tnnthailand.com/static/2025/02d0b10f-8872-45c3-b7e4-6de7787330f7.webp', 'https://youtu.be/dQw4w9WgXcQ?si=NnTRWF9GrXAM7NWB'),
(95, 95, 'https://www.tnnthailand.com/static/2025/02d0b10f-8872-45c3-b7e4-6de7787330f7.webp', 'https://youtu.be/dQw4w9WgXcQ?si=NnTRWF9GrXAM7NWB'),
(96, 96, 'https://www.tnnthailand.com/static/2025/02d0b10f-8872-45c3-b7e4-6de7787330f7.webp', 'https://youtu.be/dQw4w9WgXcQ?si=NnTRWF9GrXAM7NWB'),
(97, 97, 'https://www.tnnthailand.com/static/2025/02d0b10f-8872-45c3-b7e4-6de7787330f7.webp', 'https://youtu.be/dQw4w9WgXcQ?si=NnTRWF9GrXAM7NWB'),
(98, 98, 'https://www.tnnthailand.com/static/2025/02d0b10f-8872-45c3-b7e4-6de7787330f7.webp', 'https://youtu.be/dQw4w9WgXcQ?si=NnTRWF9GrXAM7NWB'),
(99, 99, 'https://www.tnnthailand.com/static/2025/02d0b10f-8872-45c3-b7e4-6de7787330f7.webp', 'https://youtu.be/dQw4w9WgXcQ?si=NnTRWF9GrXAM7NWB'),
(100, 100, 'https://www.tnnthailand.com/static/2025/02d0b10f-8872-45c3-b7e4-6de7787330f7.webp', 'https://youtu.be/dQw4w9WgXcQ?si=NnTRWF9GrXAM7NWB'),
(101, 101, 'https://www.tnnthailand.com/static/2025/02d0b10f-8872-45c3-b7e4-6de7787330f7.webp', 'https://youtu.be/dQw4w9WgXcQ?si=NnTRWF9GrXAM7NWB'),
(102, 102, 'https://www.tnnthailand.com/static/2025/02d0b10f-8872-45c3-b7e4-6de7787330f7.webp', 'https://youtu.be/dQw4w9WgXcQ?si=NnTRWF9GrXAM7NWB'),
(103, 103, 'https://www.tnnthailand.com/static/2025/02d0b10f-8872-45c3-b7e4-6de7787330f7.webp', 'https://youtu.be/dQw4w9WgXcQ?si=NnTRWF9GrXAM7NWB'),
(104, 104, 'https://www.tnnthailand.com/static/2025/02d0b10f-8872-45c3-b7e4-6de7787330f7.webp', 'https://youtu.be/dQw4w9WgXcQ?si=NnTRWF9GrXAM7NWB'),
(105, 105, 'https://www.tnnthailand.com/static/2025/02d0b10f-8872-45c3-b7e4-6de7787330f7.webp', 'https://youtu.be/dQw4w9WgXcQ?si=NnTRWF9GrXAM7NWB'),
(106, 106, 'https://www.tnnthailand.com/static/2025/02d0b10f-8872-45c3-b7e4-6de7787330f7.webp', 'https://youtu.be/dQw4w9WgXcQ?si=NnTRWF9GrXAM7NWB'),
(107, 107, 'https://www.tnnthailand.com/static/2025/02d0b10f-8872-45c3-b7e4-6de7787330f7.webp', 'https://youtu.be/dQw4w9WgXcQ?si=NnTRWF9GrXAM7NWB'),
(108, 108, 'https://www.tnnthailand.com/static/2025/02d0b10f-8872-45c3-b7e4-6de7787330f7.webp', 'https://youtu.be/dQw4w9WgXcQ?si=NnTRWF9GrXAM7NWB'),
(109, 109, 'https://www.tnnthailand.com/static/2025/02d0b10f-8872-45c3-b7e4-6de7787330f7.webp', 'https://youtu.be/dQw4w9WgXcQ?si=NnTRWF9GrXAM7NWB'),
(110, 110, 'https://www.tnnthailand.com/static/2025/02d0b10f-8872-45c3-b7e4-6de7787330f7.webp', 'https://youtu.be/dQw4w9WgXcQ?si=NnTRWF9GrXAM7NWB'),
(111, 111, 'https://www.tnnthailand.com/static/2025/02d0b10f-8872-45c3-b7e4-6de7787330f7.webp', 'https://youtu.be/dQw4w9WgXcQ?si=NnTRWF9GrXAM7NWB'),
(112, 112, 'https://www.tnnthailand.com/static/2025/02d0b10f-8872-45c3-b7e4-6de7787330f7.webp', 'https://youtu.be/dQw4w9WgXcQ?si=NnTRWF9GrXAM7NWB'),
(113, 113, 'https://www.tnnthailand.com/static/2025/02d0b10f-8872-45c3-b7e4-6de7787330f7.webp', 'https://youtu.be/dQw4w9WgXcQ?si=NnTRWF9GrXAM7NWB'),
(114, 114, 'https://www.tnnthailand.com/static/2025/02d0b10f-8872-45c3-b7e4-6de7787330f7.webp', 'https://youtu.be/dQw4w9WgXcQ?si=NnTRWF9GrXAM7NWB'),
(115, 115, 'https://www.tnnthailand.com/static/2025/02d0b10f-8872-45c3-b7e4-6de7787330f7.webp', 'https://youtu.be/dQw4w9WgXcQ?si=NnTRWF9GrXAM7NWB'),
(116, 116, 'https://www.tnnthailand.com/static/2025/02d0b10f-8872-45c3-b7e4-6de7787330f7.webp', 'https://youtu.be/dQw4w9WgXcQ?si=NnTRWF9GrXAM7NWB'),
(117, 117, 'https://www.tnnthailand.com/static/2025/02d0b10f-8872-45c3-b7e4-6de7787330f7.webp', 'https://youtu.be/dQw4w9WgXcQ?si=NnTRWF9GrXAM7NWB'),
(118, 118, 'https://www.tnnthailand.com/static/2025/02d0b10f-8872-45c3-b7e4-6de7787330f7.webp', 'https://youtu.be/dQw4w9WgXcQ?si=NnTRWF9GrXAM7NWB'),
(119, 119, 'https://www.tnnthailand.com/static/2025/02d0b10f-8872-45c3-b7e4-6de7787330f7.webp', 'https://youtu.be/dQw4w9WgXcQ?si=NnTRWF9GrXAM7NWB'),
(120, 120, 'https://www.tnnthailand.com/static/2025/02d0b10f-8872-45c3-b7e4-6de7787330f7.webp', 'https://youtu.be/dQw4w9WgXcQ?si=NnTRWF9GrXAM7NWB'),
(121, 121, 'https://www.tnnthailand.com/static/2025/02d0b10f-8872-45c3-b7e4-6de7787330f7.webp', 'https://youtu.be/dQw4w9WgXcQ?si=NnTRWF9GrXAM7NWB'),
(122, 122, 'https://www.tnnthailand.com/static/2025/02d0b10f-8872-45c3-b7e4-6de7787330f7.webp', 'https://youtu.be/dQw4w9WgXcQ?si=NnTRWF9GrXAM7NWB'),
(123, 123, 'https://www.tnnthailand.com/static/2025/02d0b10f-8872-45c3-b7e4-6de7787330f7.webp', 'https://youtu.be/dQw4w9WgXcQ?si=NnTRWF9GrXAM7NWB'),
(124, 124, 'https://www.tnnthailand.com/static/2025/02d0b10f-8872-45c3-b7e4-6de7787330f7.webp', 'https://youtu.be/dQw4w9WgXcQ?si=NnTRWF9GrXAM7NWB'),
(125, 125, 'https://www.tnnthailand.com/static/2025/02d0b10f-8872-45c3-b7e4-6de7787330f7.webp', 'https://youtu.be/dQw4w9WgXcQ?si=NnTRWF9GrXAM7NWB'),
(126, 126, 'https://www.tnnthailand.com/static/2025/02d0b10f-8872-45c3-b7e4-6de7787330f7.webp', 'https://youtu.be/dQw4w9WgXcQ?si=NnTRWF9GrXAM7NWB'),
(127, 127, 'https://www.tnnthailand.com/static/2025/02d0b10f-8872-45c3-b7e4-6de7787330f7.webp', 'https://youtu.be/dQw4w9WgXcQ?si=NnTRWF9GrXAM7NWB'),
(128, 128, 'https://www.tnnthailand.com/static/2025/02d0b10f-8872-45c3-b7e4-6de7787330f7.webp', 'https://youtu.be/dQw4w9WgXcQ?si=NnTRWF9GrXAM7NWB'),
(129, 129, 'https://www.tnnthailand.com/static/2025/02d0b10f-8872-45c3-b7e4-6de7787330f7.webp', 'https://youtu.be/dQw4w9WgXcQ?si=NnTRWF9GrXAM7NWB'),
(130, 130, 'https://www.tnnthailand.com/static/2025/02d0b10f-8872-45c3-b7e4-6de7787330f7.webp', 'https://youtu.be/dQw4w9WgXcQ?si=NnTRWF9GrXAM7NWB'),
(131, 131, 'https://www.tnnthailand.com/static/2025/02d0b10f-8872-45c3-b7e4-6de7787330f7.webp', 'https://youtu.be/dQw4w9WgXcQ?si=NnTRWF9GrXAM7NWB'),
(132, 132, 'https://www.tnnthailand.com/static/2025/02d0b10f-8872-45c3-b7e4-6de7787330f7.webp', 'https://youtu.be/dQw4w9WgXcQ?si=NnTRWF9GrXAM7NWB'),
(133, 133, 'https://www.tnnthailand.com/static/2025/02d0b10f-8872-45c3-b7e4-6de7787330f7.webp', 'https://youtu.be/dQw4w9WgXcQ?si=NnTRWF9GrXAM7NWB'),
(134, 134, 'https://www.tnnthailand.com/static/2025/02d0b10f-8872-45c3-b7e4-6de7787330f7.webp', 'https://youtu.be/dQw4w9WgXcQ?si=NnTRWF9GrXAM7NWB'),
(135, 135, 'https://www.tnnthailand.com/static/2025/02d0b10f-8872-45c3-b7e4-6de7787330f7.webp', 'https://youtu.be/dQw4w9WgXcQ?si=NnTRWF9GrXAM7NWB'),
(136, 136, 'https://www.tnnthailand.com/static/2025/02d0b10f-8872-45c3-b7e4-6de7787330f7.webp', 'https://youtu.be/dQw4w9WgXcQ?si=NnTRWF9GrXAM7NWB'),
(137, 137, 'https://www.tnnthailand.com/static/2025/02d0b10f-8872-45c3-b7e4-6de7787330f7.webp', 'https://youtu.be/dQw4w9WgXcQ?si=NnTRWF9GrXAM7NWB'),
(138, 138, 'https://www.tnnthailand.com/static/2025/02d0b10f-8872-45c3-b7e4-6de7787330f7.webp', 'https://youtu.be/dQw4w9WgXcQ?si=NnTRWF9GrXAM7NWB'),
(139, 139, 'https://www.tnnthailand.com/static/2025/02d0b10f-8872-45c3-b7e4-6de7787330f7.webp', 'https://youtu.be/dQw4w9WgXcQ?si=NnTRWF9GrXAM7NWB'),
(140, 140, 'https://www.tnnthailand.com/static/2025/02d0b10f-8872-45c3-b7e4-6de7787330f7.webp', 'https://youtu.be/dQw4w9WgXcQ?si=NnTRWF9GrXAM7NWB'),
(141, 141, 'https://www.tnnthailand.com/static/2025/02d0b10f-8872-45c3-b7e4-6de7787330f7.webp', 'https://youtu.be/dQw4w9WgXcQ?si=NnTRWF9GrXAM7NWB'),
(142, 142, 'https://www.tnnthailand.com/static/2025/02d0b10f-8872-45c3-b7e4-6de7787330f7.webp', 'https://youtu.be/dQw4w9WgXcQ?si=NnTRWF9GrXAM7NWB'),
(143, 143, 'https://www.tnnthailand.com/static/2025/02d0b10f-8872-45c3-b7e4-6de7787330f7.webp', 'https://youtu.be/dQw4w9WgXcQ?si=NnTRWF9GrXAM7NWB'),
(144, 144, 'https://www.tnnthailand.com/static/2025/02d0b10f-8872-45c3-b7e4-6de7787330f7.webp', 'https://youtu.be/dQw4w9WgXcQ?si=NnTRWF9GrXAM7NWB'),
(145, 145, 'https://www.tnnthailand.com/static/2025/02d0b10f-8872-45c3-b7e4-6de7787330f7.webp', 'https://youtu.be/dQw4w9WgXcQ?si=NnTRWF9GrXAM7NWB'),
(146, 146, 'https://www.tnnthailand.com/static/2025/02d0b10f-8872-45c3-b7e4-6de7787330f7.webp', 'https://youtu.be/dQw4w9WgXcQ?si=NnTRWF9GrXAM7NWB'),
(147, 147, 'https://www.tnnthailand.com/static/2025/02d0b10f-8872-45c3-b7e4-6de7787330f7.webp', 'https://youtu.be/dQw4w9WgXcQ?si=NnTRWF9GrXAM7NWB'),
(148, 148, 'https://www.tnnthailand.com/static/2025/02d0b10f-8872-45c3-b7e4-6de7787330f7.webp', 'https://youtu.be/dQw4w9WgXcQ?si=NnTRWF9GrXAM7NWB'),
(149, 149, 'https://www.tnnthailand.com/static/2025/02d0b10f-8872-45c3-b7e4-6de7787330f7.webp', 'https://youtu.be/dQw4w9WgXcQ?si=NnTRWF9GrXAM7NWB'),
(150, 150, 'https://www.tnnthailand.com/static/2025/02d0b10f-8872-45c3-b7e4-6de7787330f7.webp', 'https://youtu.be/dQw4w9WgXcQ?si=NnTRWF9GrXAM7NWB'),
(151, 151, 'https://www.tnnthailand.com/static/2025/02d0b10f-8872-45c3-b7e4-6de7787330f7.webp', 'https://youtu.be/dQw4w9WgXcQ?si=NnTRWF9GrXAM7NWB'),
(152, 152, 'https://www.tnnthailand.com/static/2025/02d0b10f-8872-45c3-b7e4-6de7787330f7.webp', 'https://youtu.be/dQw4w9WgXcQ?si=NnTRWF9GrXAM7NWB'),
(153, 153, 'https://www.tnnthailand.com/static/2025/02d0b10f-8872-45c3-b7e4-6de7787330f7.webp', 'https://youtu.be/dQw4w9WgXcQ?si=NnTRWF9GrXAM7NWB'),
(154, 154, 'https://www.tnnthailand.com/static/2025/02d0b10f-8872-45c3-b7e4-6de7787330f7.webp', 'https://youtu.be/dQw4w9WgXcQ?si=NnTRWF9GrXAM7NWB'),
(155, 155, 'https://www.tnnthailand.com/static/2025/02d0b10f-8872-45c3-b7e4-6de7787330f7.webp', 'https://youtu.be/dQw4w9WgXcQ?si=NnTRWF9GrXAM7NWB'),
(156, 156, 'https://www.tnnthailand.com/static/2025/02d0b10f-8872-45c3-b7e4-6de7787330f7.webp', 'https://youtu.be/dQw4w9WgXcQ?si=NnTRWF9GrXAM7NWB'),
(157, 157, 'https://www.tnnthailand.com/static/2025/02d0b10f-8872-45c3-b7e4-6de7787330f7.webp', 'https://youtu.be/dQw4w9WgXcQ?si=NnTRWF9GrXAM7NWB'),
(158, 158, 'https://www.tnnthailand.com/static/2025/02d0b10f-8872-45c3-b7e4-6de7787330f7.webp', 'https://youtu.be/dQw4w9WgXcQ?si=NnTRWF9GrXAM7NWB'),
(159, 159, 'https://www.tnnthailand.com/static/2025/02d0b10f-8872-45c3-b7e4-6de7787330f7.webp', 'https://youtu.be/dQw4w9WgXcQ?si=NnTRWF9GrXAM7NWB'),
(160, 160, 'https://www.tnnthailand.com/static/2025/02d0b10f-8872-45c3-b7e4-6de7787330f7.webp', 'https://youtu.be/dQw4w9WgXcQ?si=NnTRWF9GrXAM7NWB'),
(161, 161, 'https://www.tnnthailand.com/static/2025/02d0b10f-8872-45c3-b7e4-6de7787330f7.webp', 'https://youtu.be/dQw4w9WgXcQ?si=NnTRWF9GrXAM7NWB'),
(162, 162, 'https://www.tnnthailand.com/static/2025/02d0b10f-8872-45c3-b7e4-6de7787330f7.webp', 'https://youtu.be/dQw4w9WgXcQ?si=NnTRWF9GrXAM7NWB'),
(163, 163, 'https://www.tnnthailand.com/static/2025/02d0b10f-8872-45c3-b7e4-6de7787330f7.webp', 'https://youtu.be/dQw4w9WgXcQ?si=NnTRWF9GrXAM7NWB'),
(164, 164, 'https://www.tnnthailand.com/static/2025/02d0b10f-8872-45c3-b7e4-6de7787330f7.webp', 'https://youtu.be/dQw4w9WgXcQ?si=NnTRWF9GrXAM7NWB'),
(165, 165, 'https://www.tnnthailand.com/static/2025/02d0b10f-8872-45c3-b7e4-6de7787330f7.webp', 'https://youtu.be/dQw4w9WgXcQ?si=NnTRWF9GrXAM7NWB'),
(166, 166, 'https://www.tnnthailand.com/static/2025/02d0b10f-8872-45c3-b7e4-6de7787330f7.webp', 'https://youtu.be/dQw4w9WgXcQ?si=NnTRWF9GrXAM7NWB'),
(167, 167, 'https://www.tnnthailand.com/static/2025/02d0b10f-8872-45c3-b7e4-6de7787330f7.webp', 'https://youtu.be/dQw4w9WgXcQ?si=NnTRWF9GrXAM7NWB'),
(168, 168, 'https://www.tnnthailand.com/static/2025/02d0b10f-8872-45c3-b7e4-6de7787330f7.webp', 'https://youtu.be/dQw4w9WgXcQ?si=NnTRWF9GrXAM7NWB'),
(169, 169, 'https://www.tnnthailand.com/static/2025/02d0b10f-8872-45c3-b7e4-6de7787330f7.webp', 'https://youtu.be/dQw4w9WgXcQ?si=NnTRWF9GrXAM7NWB'),
(170, 170, 'https://www.tnnthailand.com/static/2025/02d0b10f-8872-45c3-b7e4-6de7787330f7.webp', 'https://youtu.be/dQw4w9WgXcQ?si=NnTRWF9GrXAM7NWB'),
(171, 171, 'https://www.tnnthailand.com/static/2025/02d0b10f-8872-45c3-b7e4-6de7787330f7.webp', 'https://youtu.be/dQw4w9WgXcQ?si=NnTRWF9GrXAM7NWB'),
(172, 172, 'https://www.tnnthailand.com/static/2025/02d0b10f-8872-45c3-b7e4-6de7787330f7.webp', 'https://youtu.be/dQw4w9WgXcQ?si=NnTRWF9GrXAM7NWB'),
(173, 173, 'https://www.tnnthailand.com/static/2025/02d0b10f-8872-45c3-b7e4-6de7787330f7.webp', 'https://youtu.be/dQw4w9WgXcQ?si=NnTRWF9GrXAM7NWB'),
(174, 174, 'https://www.tnnthailand.com/static/2025/02d0b10f-8872-45c3-b7e4-6de7787330f7.webp', 'https://youtu.be/dQw4w9WgXcQ?si=NnTRWF9GrXAM7NWB'),
(175, 175, 'https://www.tnnthailand.com/static/2025/02d0b10f-8872-45c3-b7e4-6de7787330f7.webp', 'https://youtu.be/dQw4w9WgXcQ?si=NnTRWF9GrXAM7NWB'),
(176, 176, 'https://www.tnnthailand.com/static/2025/02d0b10f-8872-45c3-b7e4-6de7787330f7.webp', 'https://youtu.be/dQw4w9WgXcQ?si=NnTRWF9GrXAM7NWB'),
(177, 177, 'https://www.tnnthailand.com/static/2025/02d0b10f-8872-45c3-b7e4-6de7787330f7.webp', 'https://youtu.be/dQw4w9WgXcQ?si=NnTRWF9GrXAM7NWB'),
(178, 178, 'https://www.tnnthailand.com/static/2025/02d0b10f-8872-45c3-b7e4-6de7787330f7.webp', 'https://youtu.be/dQw4w9WgXcQ?si=NnTRWF9GrXAM7NWB'),
(179, 179, 'https://www.tnnthailand.com/static/2025/02d0b10f-8872-45c3-b7e4-6de7787330f7.webp', 'https://youtu.be/dQw4w9WgXcQ?si=NnTRWF9GrXAM7NWB'),
(180, 180, 'https://www.tnnthailand.com/static/2025/02d0b10f-8872-45c3-b7e4-6de7787330f7.webp', 'https://youtu.be/dQw4w9WgXcQ?si=NnTRWF9GrXAM7NWB'),
(181, 181, 'https://www.tnnthailand.com/static/2025/02d0b10f-8872-45c3-b7e4-6de7787330f7.webp', 'https://youtu.be/dQw4w9WgXcQ?si=NnTRWF9GrXAM7NWB'),
(182, 182, 'https://www.tnnthailand.com/static/2025/02d0b10f-8872-45c3-b7e4-6de7787330f7.webp', 'https://youtu.be/dQw4w9WgXcQ?si=NnTRWF9GrXAM7NWB'),
(183, 183, 'https://www.tnnthailand.com/static/2025/02d0b10f-8872-45c3-b7e4-6de7787330f7.webp', 'https://youtu.be/dQw4w9WgXcQ?si=NnTRWF9GrXAM7NWB'),
(184, 184, 'https://www.tnnthailand.com/static/2025/02d0b10f-8872-45c3-b7e4-6de7787330f7.webp', 'https://youtu.be/dQw4w9WgXcQ?si=NnTRWF9GrXAM7NWB'),
(185, 185, 'https://www.tnnthailand.com/static/2025/02d0b10f-8872-45c3-b7e4-6de7787330f7.webp', 'https://youtu.be/dQw4w9WgXcQ?si=NnTRWF9GrXAM7NWB'),
(186, 186, 'https://www.tnnthailand.com/static/2025/02d0b10f-8872-45c3-b7e4-6de7787330f7.webp', 'https://youtu.be/dQw4w9WgXcQ?si=NnTRWF9GrXAM7NWB'),
(187, 187, 'https://www.tnnthailand.com/static/2025/02d0b10f-8872-45c3-b7e4-6de7787330f7.webp', 'https://youtu.be/dQw4w9WgXcQ?si=NnTRWF9GrXAM7NWB'),
(188, 188, 'https://www.tnnthailand.com/static/2025/02d0b10f-8872-45c3-b7e4-6de7787330f7.webp', 'https://youtu.be/dQw4w9WgXcQ?si=NnTRWF9GrXAM7NWB'),
(189, 189, 'https://www.tnnthailand.com/static/2025/02d0b10f-8872-45c3-b7e4-6de7787330f7.webp', 'https://youtu.be/dQw4w9WgXcQ?si=NnTRWF9GrXAM7NWB'),
(190, 190, 'https://www.tnnthailand.com/static/2025/02d0b10f-8872-45c3-b7e4-6de7787330f7.webp', 'https://youtu.be/dQw4w9WgXcQ?si=NnTRWF9GrXAM7NWB'),
(191, 191, 'https://www.tnnthailand.com/static/2025/02d0b10f-8872-45c3-b7e4-6de7787330f7.webp', 'https://youtu.be/dQw4w9WgXcQ?si=NnTRWF9GrXAM7NWB'),
(192, 192, 'https://www.tnnthailand.com/static/2025/02d0b10f-8872-45c3-b7e4-6de7787330f7.webp', 'https://youtu.be/dQw4w9WgXcQ?si=NnTRWF9GrXAM7NWB'),
(193, 193, 'https://www.tnnthailand.com/static/2025/02d0b10f-8872-45c3-b7e4-6de7787330f7.webp', 'https://youtu.be/dQw4w9WgXcQ?si=NnTRWF9GrXAM7NWB'),
(194, 194, 'https://www.tnnthailand.com/static/2025/02d0b10f-8872-45c3-b7e4-6de7787330f7.webp', 'https://youtu.be/dQw4w9WgXcQ?si=NnTRWF9GrXAM7NWB'),
(195, 195, 'https://www.tnnthailand.com/static/2025/02d0b10f-8872-45c3-b7e4-6de7787330f7.webp', 'https://youtu.be/dQw4w9WgXcQ?si=NnTRWF9GrXAM7NWB'),
(196, 196, 'https://www.tnnthailand.com/static/2025/02d0b10f-8872-45c3-b7e4-6de7787330f7.webp', 'https://youtu.be/dQw4w9WgXcQ?si=NnTRWF9GrXAM7NWB'),
(197, 197, 'https://www.tnnthailand.com/static/2025/02d0b10f-8872-45c3-b7e4-6de7787330f7.webp', 'https://youtu.be/dQw4w9WgXcQ?si=NnTRWF9GrXAM7NWB'),
(198, 198, 'https://www.tnnthailand.com/static/2025/02d0b10f-8872-45c3-b7e4-6de7787330f7.webp', 'https://youtu.be/dQw4w9WgXcQ?si=NnTRWF9GrXAM7NWB'),
(199, 199, 'https://www.tnnthailand.com/static/2025/02d0b10f-8872-45c3-b7e4-6de7787330f7.webp', 'https://youtu.be/dQw4w9WgXcQ?si=NnTRWF9GrXAM7NWB'),
(200, 200, 'https://www.tnnthailand.com/static/2025/02d0b10f-8872-45c3-b7e4-6de7787330f7.webp', 'https://youtu.be/dQw4w9WgXcQ?si=NnTRWF9GrXAM7NWB');